Component#1,Smiles#1,H#1,T#1,Component#2,Smiles#2,H#2,T#2,T_EP,X#1,PD,Type,T_CA17,X_CA17,mark_CA17,T_C+A17,X_C+A17,mark_C+A17,T_CA19,X_CA19,mark_CA19,T_C+A19,X_C+A19,mark_C+A19
[C2Mim]Cl,CCn1cc[n+](C)c1.[Cl-],8.588,350.42,ChCl,C[N+](C)(C)CCO.[Cl-],4.3,578.15,303.4,0.6,Yes,IL mixture,301.4359336,0.599112621,1,,,Error,300.1407224,0.593595345,1,,,Error
[C2OHmim]Cl,C[n+]1ccn(CCO)c1.[Cl-],20.974,358.88,ChCl,C[N+](C)(C)CCO.[Cl-],4.3,578.15,323.5,0.499,Yes,IL mixture,326.1955835,0.496201008,1,,,Error,325.617201,0.493230804,1,,,Error
[C4Mpyr]Cl,CCCC[N+]1(C)CCCC1.[Cl-],30.896,472.98,ChCl,C[N+](C)(C)CCO.[Cl-],4.3,578.15,419.6,0.378,Yes,IL mixture,421.3401393,0.318747194,1,,,Error,420.949325,0.317582307,1,,,Error
[C4Py]Cl,CCCC[n+]1ccccc1.[Cl-],26.13,405.4,ChCl,C[N+](C)(C)CCO.[Cl-],4.3,578.15,363.32,0.601,Yes,IL mixture,371.6602924,0.435764792,1,,,Error,371.1803325,0.431605169,1,,,Error
[Ch][OAc],CC(=O)[O-].C[N+](C)(C)CCO,8.8817,362.62,ChCl,C[N+](C)(C)CCO.[Cl-],4.3,578.15,313.3,0.594,Yes,IL mixture,296.9682751,0.534249844,1,,,Error,295.9798376,0.531914209,1,,,Error
[Ch][OAc],CC(=O)[O-].C[N+](C)(C)CCO,8.8817,362.62,Urea,NC(N)=O,14.6,405.85,291.15,0.333333333,No,Type III,298.434339,0.606599951,1,Zero intersection,,0,306.4770573,0.625212207,1,Zero intersection,,0
[MeCh]Cl,COCC[N+](C)(C)C.[Cl-],6.72,442,ChCl,C[N+](C)(C)CCO.[Cl-],4.3,578.15,411.7,0.502,Yes,IL mixture,326.5718428,0.511560544,1,,,Error,326.3867757,0.511257703,1,,,Error
[N1111]Cl,C[N+](C)(C)C.[Cl-],20.49,612.87,[NH4]Cl,[Cl-].[NH4+],10.38,632.2,497.82,0.4,Yes,IL mixture,524.6735053,0.313348603,1,,,Error,520.0649566,0.278655043,1,,,Error
[N2222]Cl,CC[N+](CC)(CC)CC.[Cl-],51.24,535.4,[N1111]Cl,C[N+](C)(C)C.[Cl-],20.49,612.87,447.7,0.6,Yes,IL mixture,513.915872,0.588277598,1,,,Error,513.6854926,0.586123955,1,,,Error
[N2222]Cl,CC[N+](CC)(CC)CC.[Cl-],51.24,535.4,ChCl,C[N+](C)(C)CCO.[Cl-],4.3,578.15,503.3,0.503,Yes,IL mixture,473.5175774,0.19086532,1,,,Error,473.3463309,0.191044445,1,,,Error
[N3333]Cl,CCC[N+](CCC)(CCC)CCC.[Cl-],66.58,502.4,[N1111]Cl,C[N+](C)(C)C.[Cl-],20.49,612.87,360.7,0.599,Yes,IL mixture,495.8691767,0.782149638,1,,,Error,495.6752314,0.776381055,1,,,Error
[N3333]Cl,CCC[N+](CCC)(CCC)CCC.[Cl-],66.58,502.4,ChCl,C[N+](C)(C)CCO.[Cl-],4.3,578.15,478.2,0.489,Yes,IL mixture,475.885771,0.2442723,1,,,Error,475.5844332,0.241866162,1,,,Error
[N4444]Br,CCCC[N+](CCCC)(CCCC)CCCC.[Br-],10,390.8,Malonic Acid,O=C(O)CC(=O)O,23.1,407.46,255.17,0.5,No,Type III,Zero intersection,,0,Zero intersection,,0,Zero intersection,,0,Zero intersection,,0
[N4444]Br,CCCC[N+](CCCC)(CCCC)CCCC.[Br-],10,390.8,Oxalic Acid,O=C(O)C(=O)O,18.58,462.4,250.99,0.5,No,Type III,Zero intersection,,0,Zero intersection,,0,Zero intersection,,0,Zero intersection,,0
[N4444]Cl,CCCC[N+](CCCC)(CCCC)CCCC.[Cl-],14.69,344,Arginine,NC(=[NH2+])NCCC[C@H](N)C(=O)[O-],11.94,495.16,298.22,0.857142857,No,Type III,345.9852583,0.998248604,1,"[66.0, 344.128]",,2,345.9776032,0.997336156,1,343.9469505,0.743368949,1
[N4444]Cl,CCCC[N+](CCCC)(CCCC)CCCC.[Cl-],14.69,344,Aspartic acid,[NH3+][C@@H](CC(=O)O)C(=O)[O-],,543.15,298.23,0.9,No,Type III,,,no H data,,,no H data,,,no H data,,,no H data
[N4444]Cl,CCCC[N+](CCCC)(CCCC)CCCC.[Cl-],14.69,344,ChCl,C[N+](C)(C)CCO.[Cl-],4.3,578.15,316.3,0.51,Yes,IL mixture,329.2222551,0.777249622,1,,,Error,327.6069244,0.757154032,1,,,Error
[N4444]Cl,CCCC[N+](CCCC)(CCCC)CCCC.[Cl-],14.69,344,Glutamic acid,[NH3+][C@@H](CCC(=O)O)C(=O)[O-],,472.15,302.01,0.909090909,No,Type III,,,no H data,,,no H data,,,no H data,,,no H data
[N4444]Cl,CCCC[N+](CCCC)(CCCC)CCCC.[Cl-],14.69,344,L-Methionine,CSCC[C@H]([NH3+])C(=O)[O-],31.62,559.02,292.26,0.916666667,No,Type III,341.2962045,0.952303766,1,344.5624648,0.820536476,1,341.8143415,0.957441864,1,344.6199338,0.827773661,1
[N4444]Cl,CCCC[N+](CCCC)(CCCC)CCCC.[Cl-],14.69,344,L-Serine,[NH3+][C@@H](CO)C(=O)[O-],,501.16,298.06,0.888888889,No,Type III,,,no H data,,,no H data,,,no H data,,,no H data
[N4444]Cl,CCCC[N+](CCCC)(CCCC)CCCC.[Cl-],14.69,344,L-Threonine,C[C@@H](O)[C@H]([NH3+])C(=O)[O-],54.76,529.66,293.36,0.9,No,Type III,345.8890455,0.998811965,1,345.9040345,0.988004329,1,345.8926252,0.998850027,1,345.9049074,0.98811345,1
[N4444]Cl,CCCC[N+](CCCC)(CCCC)CCCC.[Cl-],14.69,344,Urea,NC(N)=O,14.6,405.85,300.29,0.8,No,Type III,249.3545001,0.467599432,1,340.9838425,0.372981035,1,280.7676282,0.527943166,1,341.092835,0.386607253,1
[N5555]Br,CCCCC[N+](CCCCC)(CCCCC)CCCCC.[Br-],40.1,375.9,Erythritol,OC[C@H](O)[C@H](O)CO,39.3,394.7,344.7,0.59,Yes,Type III,361.5837898,0.63904493,1,372.9787855,0.372629806,1,361.4033535,0.636831779,1,372.9647729,0.370829726,1
"1,1-Dimethylurea",CN(C)C(N)=O,29.6,454.2,ChCl,C[N+](C)(C)CCO.[Cl-],4.3,578.15,392.15,0.62,No,Type III,402.8432601,0.320898261,1,457.8829109,0.998817876,1,402.1924241,0.319537409,1,457.9452832,0.999444365,1
"1,3-Dimethylurea",CNC(=O)NC,13.6,379.4,[N2222]Br,CC[N+](CC)(CC)CC.[Br-],13.9,633,296.15,0.666666667,No,Type III,348.6627738,0.773314231,1,346.5571099,0.752455707,1,349.9659454,0.775625162,1,361.5118435,0.843434092,1
"1,3-Dimethylurea",CNC(=O)NC,13.6,379.4,ChCl,C[N+](C)(C)CCO.[Cl-],4.3,578.15,329.15,0.61,No,Type III,318.2177048,0.450198196,1,385.4650696,0.998938691,1,316.9057815,0.444205895,1,385.7894857,0.999580349,1
"1,8-Cineole",CC12CCC(CC1)C(C)(C)O2,,274.65,Ibuprofen,CC(C)Cc1ccc(C(C)C(=O)O)cc1,39.5,350.4,260.15,0.6,No,Type V,,,no H data,,,no H data,,,no H data,,,no H data
1-Methylurea,CNC(N)=O,15.9,373.8,ChCl,C[N+](C)(C)CCO.[Cl-],4.3,578.15,302.15,0.666666667,No,Type III,294.7354766,0.454371518,1,377.3765343,0.99625737,1,296.4936891,0.451172778,1,377.7714802,0.998611901,1
"2,2,2-Trifluoroacetamide",NC(=O)C(F)(F)F,27.61,348,ChCl,C[N+](C)(C)CCO.[Cl-],4.3,578.15,229,0.71,No,Type III,225.1728831,0.408608338,1,345.2585663,0.947603417,1,249.0845134,0.396259276,1,351.9128743,0.988140064,1
"2,2,2-Trifluoroacetamide",NC(=O)C(F)(F)F,27.61,348,Ethylammonium chloride,CC[NH3+].[Cl-],5.5,381.15,294,0.6,Yes,Type III,297.5979241,0.339118831,1,"[353.398, 288.334, 297.537]",,3,304.6776458,0.32539978,1,353.8971086,0.998793198,1
"2,3-Xylenol",Cc1cccc(O)c1C,21.02,345.69,ChCl,C[N+](C)(C)CCO.[Cl-],4.3,578.15,290.8,0.75,No,Type III,Zero intersection,,0,"[186.535, 324.139]",,2,Zero intersection,,0,"[171.147, 329.01]",,2
"2,4,6-Trimethylphenol",Cc1cc(C)c(O)c(C)c1,21.409,345.05,ChCl,C[N+](C)(C)CCO.[Cl-],4.3,578.15,307.06,0.67,Yes,Type III,318.9994333,0.769242798,1,345.4173677,0.995062579,1,314.2852311,0.743247876,1,345.5757927,0.996513218,1
"3,4-Dimethylphenol",Cc1ccc(O)cc1C,18.13,334,ChCl,C[N+](C)(C)CCO.[Cl-],4.3,578.15,273.16,0.67,No,Type III,Zero intersection,,0,"[314.342, 110.849]",,2,Zero intersection,,0,"[318.588, 94.17]",,2
4-Hydroxybenzoic acid,O=C(O)c1ccc(O)cc1,32.5,489.4,ChCl,C[N+](C)(C)CCO.[Cl-],4.3,578.15,360.15,0.33,No,Type III,Zero intersection,,0,"[145.167, 485.268]",,2,Zero intersection,,0,"[486.737, 138.88]",,2
5-Phenylvaleric Acid,O=C(O)CCCCc1ccccc1,23.4,331.98,ChCl,C[N+](C)(C)CCO.[Cl-],4.3,578.15,293.15,0.6,No,Type III,279.7865922,0.564222118,1,330.2529625,0.967849636,1,274.2643634,0.531490339,1,332.2977712,0.97656662,1
Acetamide,CC(N)=O,15.5,354.06,ChCl,C[N+](C)(C)CCO.[Cl-],4.3,578.15,324.16,0.67,No,Type III,301.6576109,0.492395086,1,353.9829091,0.998885394,1,301.5676985,0.490401724,1,358.1863486,0.999577775,1
Acetamide,CC(N)=O,15.5,354.06,Ethylammonium chloride,CC[NH3+].[Cl-],5.5,381.15,293.15,0.6,Yes,Type III,308.7455213,0.368184556,1,"[353.987, 241.813, 275.434]",,3,309.1315034,0.366536311,1,"[234.489, 201.939, 357.056]",,3
Acetic acid,CC(=O)O,11.71,289.85,[N4444]Br,CCCC[N+](CCCC)(CCCC)CCCC.[Br-],10,390.8,254.7,0.5,No,Type III,"[79.185, 97.806, 82.029]",,3,153.2297052,0.772018566,1,67.09980252,0.74013075,1,145.9068226,0.777441764,1
Acetylsalicylic Acid,CC(=O)Oc1ccccc1C(=O)O,29.8,414,ChCl,C[N+](C)(C)CCO.[Cl-],4.3,578.15,340.65,0.714,Yes,Type III,329.8664846,0.35707038,1,416.7722937,0.990731264,1,320.8325969,0.351173593,1,417.1922815,0.994034422,1
Adiphenine,CCN(CC)CCOC(=O)C(c1ccccc1)c1ccccc1,,386.65,Acetylsalicylic Acid,CC(=O)Oc1ccccc1C(=O)O,29.8,414,250.15,0.33,No,Type V,,,no H data,,,no H data,,,no H data,,,no H data
Adiphenine,CCN(CC)CCOC(=O)C(c1ccccc1)c1ccccc1,,386.65,Urea,NC(N)=O,14.6,405.85,228.15,0.33,No,Type V,,,no H data,,,no H data,,,no H data,,,no H data
Adipic Acid,O=C(O)CCCCC(=O)O,37.4,426.2,[N2222]Br,CC[N+](CC)(CC)CC.[Br-],13.9,633,347.86,0.51,No,Type III,347.606037,0.553465547,1,346.2099255,0.529379339,1,344.7307874,0.553682894,1,368.9253536,0.600900839,1
Adipic Acid,O=C(O)CCCCC(=O)O,37.4,426.2,[N3333]Br,CCC[N+](CCC)(CCC)CCC.[Br-],7.3,583,332,0.48,No,Type III,290.9171872,0.45018024,1,Zero intersection,,0,286.6916793,0.453578651,1,Zero intersection,,0
Adipic Acid,O=C(O)CCCCC(=O)O,37.4,426.2,ChCl,C[N+](C)(C)CCO.[Cl-],4.3,578.15,358.15,0.5,No,Type III,301.1577107,0.32625855,1,424.5004236,0.971460474,1,294.2837145,0.327972779,1,425.1604544,0.982156197,1
Arabinose,O[C@H]1CO[C@H](O)[C@H](O)[C@H]1O,35.78,435,ChCl,C[N+](C)(C)CCO.[Cl-],4.3,578.15,322.22,0.497,Yes,Type III,340.9996567,0.313279546,1,436.0019745,0.98369713,1,339.6003869,0.313169265,1,438.748502,0.991189328,1
Benzamide,NC(=O)c1ccccc1,23.14,400.16,ChCl,C[N+](C)(C)CCO.[Cl-],4.3,578.15,362.15,0.58,No,Type III,343.2949756,0.369829275,1,401.9337124,0.999072638,1,341.6144592,0.361601233,1,401.9744072,0.999627785,1
Benzoic Acid,O=C(O)c1ccccc1,17.73,395.5,Betaine,C[N+](C)(C)CC(=O)[O-],17.98,566,326.15,0.6,Yes,Type III,300.0488948,0.795173429,1,300.0488948,0.795173429,1,270.4028399,0.788582743,1,270.4028399,0.788582743,1
Benzoic Acid,O=C(O)c1ccccc1,17.73,395.5,ChCl,C[N+](C)(C)CCO.[Cl-],4.3,578.15,351.15,0.72,No,Type III,"[82.007, 175.988]",,2,"[79.621, 393.07]",,2,"[82.282, 105.789]",,2,"[394.142, 70.335]",,2
Benzyldimethyl-2-hydroxyethyl-ammonium chloride,C[N+](C)(CCO)Cc1ccccc1.[Cl-],87.3,351.42,ChCl,C[N+](C)(C)CCO.[Cl-],4.3,578.15,305.7,0.601,Yes,IL mixture,342.0630943,0.454894718,1,,,Error,341.7440234,0.447649632,1,,,Error
Caffeic acid,O=C(O)/C=C/c1ccc(O)c(O)c1,27.68,505.66,ChCl,C[N+](C)(C)CCO.[Cl-],4.3,578.15,340.15,0.33,No,Type III,Zero intersection,,0,"[501.953, 196.882]",,2,Zero intersection,,0,"[190.404, 503.359]",,2
Capric Acid,CCCCCCCCCC(=O)O,27.5,304.8,[N1111]Cl,C[N+](C)(C)C.[Cl-],20.49,612.87,303.75,0.794,Yes,Type III,277.3007655,0.843867293,1,303.2279812,0.971409269,1,274.1075192,0.838005172,1,303.7336666,0.976860826,1
Capric Acid,CCCCCCCCCC(=O)O,27.5,304.8,[N2222]Cl,CC[N+](CC)(CC)CC.[Cl-],51.24,535.4,301.66,0.697,Yes,Type III,283.7677787,0.877674611,1,245.8465242,0.778838494,1,281.603872,0.873341121,1,250.3169187,0.792102836,1
Capric Acid,CCCCCCCCCC(=O)O,27.5,304.8,[N3333]Cl,CCC[N+](CCC)(CCC)CCC.[Cl-],66.58,502.4,295.57,0.798,Yes,Type III,284.9799747,0.885554324,1,"[149.931, 225.225, 232.268]",,3,282.962793,0.881423141,1,163.8298945,0.607635842,1
Capric Acid,CCCCCCCCCC(=O)O,27.5,304.8,[N4444]Cl,CCCC[N+](CCCC)(CCCC)CCCC.[Cl-],14.69,344,261.2,0.666666667,No,Type III,161.9957115,0.662523788,1,Zero intersection,,0,154.8236455,0.658525684,1,Zero intersection,,0
Capric Acid,CCCCCCCCCC(=O)O,27.5,304.8,ChCl,C[N+](C)(C)CCO.[Cl-],4.3,578.15,304.1,0.704,Yes,Type III,285.1828193,0.794326535,1,302.1870761,0.958349753,1,283.1399301,0.784617888,1,302.8980014,0.966532684,1
Capric Acid,CCCCCCCCCC(=O)O,27.5,304.8,Lauric Acid,CCCCCCCCCCCC(=O)O,34.69,317.5,294.35,0.7516,Yes,Type V,293.2840303,0.658317958,1,293.2840303,0.658317958,1,293.2823087,0.658310167,1,293.2823087,0.658310167,1
Capric Acid,CCCCCCCCCC(=O)O,27.5,304.8,Lidocaine,CCN(CC)CC(=O)Nc1c(C)cccc1C,16.4,341.15,212.15,0.5,No,Type V,199.9045819,0.487813485,1,199.9045819,0.487813485,1,178.7177402,0.477444321,1,178.7177402,0.477444321,1
Capric Acid,CCCCCCCCCC(=O)O,27.5,304.8,Menthol,CC(C)[C@@H]1CC[C@@H](C)C[C@H]1O,13.74,314.6,279,0.4,Yes,Type V,278.0777867,0.423370696,1,278.0777867,0.423370696,1,277.8111905,0.422713125,1,277.8111905,0.422713125,1
Capric Acid,CCCCCCCCCC(=O)O,27.5,304.8,Myristic Acid,CCCCCCCCCCCCCC(=O)O,45.75,327,296.78,0.7992,Yes,Type V,298.7508403,0.799494091,1,298.7508403,0.799494091,1,298.7479339,0.799440084,1,298.7479339,0.799440084,1
Capric Acid,CCCCCCCCCC(=O)O,27.5,304.8,Palmitic Acid,CCCCCCCCCCCCCCCC(=O)O,51.02,336.8,299.28,0.8484,Yes,Type V,301.8064116,0.882813888,1,301.8064116,0.882813888,1,301.8015753,0.882729723,1,301.8015753,0.882729723,1
Capric Acid,CCCCCCCCCC(=O)O,27.5,304.8,Stearic Acid,CCCCCCCCCCCCCCCCCC(=O)O,61.36,343.67,301.72,0.95,Yes,Type V,304.0744826,0.945500473,1,304.0744826,0.945500473,1,304.0701841,0.945411507,1,304.0701841,0.945411507,1
Capric Acid,CCCCCCCCCC(=O)O,27.5,304.8,Thymol,Cc1ccc(C(C)C)c(O)c1,19.65,323.5,287.84,0.51,Yes,Type V,283.0746621,0.524002425,1,283.0746621,0.524002425,1,282.7508347,0.523058641,1,282.7508347,0.523058641,1
Caprylic Acid,CCCCCCCC(=O)O,19.8,288.2,Capric Acid,CCCCCCCCCC(=O)O,27.5,304.8,278.36,0.6997,Yes,Type V,275.5395572,0.684849304,1,275.5395572,0.684849304,1,275.5398776,0.684856663,1,275.5398776,0.684856663,1
Caprylic Acid,CCCCCCCC(=O)O,19.8,288.2,Menthol,CC(C)[C@@H]1CC[C@@H](C)C[C@H]1O,13.74,314.6,267,0.5,Yes,Type V,264.6548257,0.535102491,1,264.6548257,0.535102491,1,264.3144379,0.533297144,1,264.3144379,0.533297144,1
Caprylic Acid,CCCCCCCC(=O)O,19.8,288.2,Thymol,Cc1ccc(C(C)C)c(O)c1,19.65,323.5,274.98,0.59,Yes,Type V,268.8444267,0.628838451,1,268.8444267,0.628838451,1,268.6149983,0.627845364,1,268.6149983,0.627845364,1
ChCl,C[N+](C)(C)CCO.[Cl-],4.3,578.15,[N1111]Cl,C[N+](C)(C)C.[Cl-],20.49,612.87,473.4,0.495,Yes,IL mixture,446.323883,0.769796476,1,,,Error,446.2463632,0.769718633,1,,,Error
ChCl,C[N+](C)(C)CCO.[Cl-],4.3,578.15,[NH4]Cl,[Cl-].[NH4+],10.38,632.2,473.8,0.494,Yes,IL mixture,502.1678027,0.850786636,1,,,Error,497.525396,0.839474979,1,,,Error
Citric Acid,O=C(O)CC(O)(CC(=O)O)C(=O)O,41.84,428.56,ChCl,C[N+](C)(C)CCO.[Cl-],4.3,578.15,343.55,0.314,Yes,Type III,239.0475879,0.330460847,1,421.5810359,0.882727094,1,233.3658636,0.334511984,1,424.1830755,0.918950033,1
Cyclohexanecarboxylic Acid,O=C(O)C1CCCCC1,10.69,299.4,Menthol,CC(C)[C@@H]1CC[C@@H](C)C[C@H]1O,13.74,314.6,265,0.5,No,Type V,261.3850908,0.572772712,1,261.3850908,0.572772712,1,260.9494833,0.571268572,1,260.9494833,0.571268572,1
Cyclohexylpropionic Acid,O=C(O)CCC1CCCCC1,16.96,291.3,Menthol,CC(C)[C@@H]1CC[C@@H](C)C[C@H]1O,13.74,314.6,262.12,0.5,Yes,Type V,264.4998748,0.541955095,1,264.4998748,0.541955095,1,264.1648106,0.540371883,1,264.1648106,0.540371883,1
DL-camphor,CC12CCC(CC1=O)C2(C)C,5.9,448.15,Betaine,C[N+](C)(C)CC(=O)[O-],17.98,566,384,0.703,Yes,Type III,449.946305,0.994354677,1,449.946305,0.994354677,1,449.9486738,0.994660014,1,449.9486738,0.994660014,1
DL-camphor,CC12CCC(CC1=O)C2(C)C,5.9,448.15,ChCl,C[N+](C)(C)CCO.[Cl-],4.3,578.15,328.7,0.501,Yes,Type III,449.851522,0.983321786,1,"[450.0, 78.11, 219.466]",,3,449.861865,0.984557655,1,"[450.0, 243.422, 70.291]",,3
D-Mannitol,OC[C@@H](O)[C@@H](O)[C@H](O)[C@H](O)CO,52.23,440.66,ChCl,C[N+](C)(C)CCO.[Cl-],4.3,578.15,385.15,0.5,No,Type III,373.2150764,0.272264809,1,441.0715336,0.981148847,1,372.6730127,0.272146784,1,441.5055904,0.990059069,1
Erythritol,OC[C@H](O)[C@H](O)CO,39.3,394.7,[N3333]Br,CCC[N+](CCC)(CCC)CCC.[Br-],7.3,583,347.8,0.598,Yes,Type III,353.8067494,0.485681473,1,366.9876136,0.634907102,1,353.7619769,0.486849423,1,368.6149829,0.651246736,1
Erythritol,OC[C@H](O)[C@H](O)CO,39.3,394.7,ChCl,C[N+](C)(C)CCO.[Cl-],4.3,578.15,257.15,0.5,No,Type III,338.8766131,0.352243648,1,396.0325453,0.984990899,1,338.4683187,0.352105485,1,398.9458682,0.992336434,1
Ethylammonium chloride,CC[NH3+].[Cl-],5.5,381.15,Urea,NC(N)=O,14.6,405.85,300.454,0.396,Yes,Type III,285.2104493,0.649122821,1,"[380.842, 288.472, 295.988]",,3,292.5138097,0.660235438,1,380.9141524,0.366595274,1
Ethylene Glycol,OCCO,9.96,260.6,[Ch][OAc],CC(=O)[O-].C[N+](C)(C)CCO,8.8817,362.62,296.15,0.67,No,Type III,"[74.423, 105.385]",,2,Zero intersection,,0,"[105.316, 74.491]",,2,Zero intersection,,0
Ethylene Glycol,OCCO,9.96,260.6,[N3333]Br,CCC[N+](CCC)(CCC)CCC.[Br-],7.3,583,249.75,0.8,No,Type III,134.3834355,0.695582472,1,Zero intersection,,0,132.6610514,0.694196179,1,Zero intersection,,0
Ethylene Glycol,OCCO,9.96,260.6,[N3333]Cl,CCC[N+](CCC)(CCC)CCC.[Cl-],66.58,502.4,249.75,0.8,No,Type III,243.8365799,0.920989997,1,"[224.709, 264.302]",,2,242.2195959,0.917309142,1,Zero intersection,,0
Ethylene Glycol,OCCO,9.96,260.6,[N4444]Br,CCCC[N+](CCCC)(CCCC)CCCC.[Br-],10,390.8,248.22,0.67,No,Type III,148.178731,0.705821914,1,"[66.0, 66.0, 259.976]",,3,146.3713307,0.705729829,1,258.6488856,0.974730544,1
Ethylene Glycol,OCCO,9.96,260.6,[N4444]Cl,CCCC[N+](CCCC)(CCCC)CCCC.[Cl-],14.69,344,242.27,0.75,No,Type III,Zero intersection,,0,260.1144796,0.979768523,1,Zero intersection,,0,260.016955,0.979433283,1
Ethylene Glycol,OCCO,9.96,260.6,Benzyltriphenylphosphonium chloride,[Cl-].c1ccc(C[P+](c2ccccc2)(c2ccccc2)c2ccccc2)cc1,,603.15,321.06,0.75,No,Type III,,,no H data,,,no H data,,,no H data,,,no H data
Ethylene Glycol,OCCO,9.96,260.6,ChCl,C[N+](C)(C)CCO.[Cl-],4.3,578.15,236.71,0.8,No,Type III,130.7233002,0.575170263,1,"[75.07, 236.234]",,2,127.87962,0.574770372,1,245.2240311,0.897766786,1
Ethylene Glycol,OCCO,9.96,260.6,Methyltriphenylphosphonium bromide,C[P+](c1ccccc1)(c1ccccc1)c1ccccc1.[Br-],,504.15,223.81,0.8,No,Type III,,,no H data,,,no H data,,,no H data,,,no H data
Ethylene Glycol,OCCO,9.96,260.6,"N,N-Diethylethanolammonium chloride",CC[NH+](CC)CCO.[Cl-],,408.15,242.15,0.666666667,No,Type III,,,no H data,,,no H data,,,no H data,,,no H data
Fructose,OC[C@@]1(O)OC[C@@H](O)[C@@H](O)[C@@H]1O,33,386.75,ChCl,C[N+](C)(C)CCO.[Cl-],4.3,578.15,283.15,0.333333333,No,Type III,299.2978572,0.342871145,1,387.5507943,0.984704298,1,297.9914126,0.343111582,1,390.6817704,0.992144479,1
Furfuryl alcohol,OCc1ccco1,,258.5,ChCl,C[N+](C)(C)CCO.[Cl-],4.3,578.15,237.4,0.75,No,Type III,,,no H data,,,no H data,,,no H data,,,no H data
Gallic acid,O=C(O)c1cc(O)c(O)c(O)c1,62.39,524.19,ChCl,C[N+](C)(C)CCO.[Cl-],4.3,578.15,350.15,0.33,No,Type III,Zero intersection,,0,"[517.017, 141.71]",,2,Zero intersection,,0,"[135.251, 519.257]",,2
Glucose,OC[C@H]1O[C@H](O)[C@H](O)[C@@H](O)[C@@H]1O,32,420,ChCl,C[N+](C)(C)CCO.[Cl-],4.3,578.15,288.15,0.333333333,No,Type III,258.7458978,0.322171154,1,418.3932855,0.962304535,1,254.7691441,0.323798816,1,421.7217592,0.978878327,1
Glutamic acid,[NH3+][C@@H](CCC(=O)O)C(=O)[O-],,472.15,ChCl,C[N+](C)(C)CCO.[Cl-],4.3,578.15,286.15,0.667,No,Type III,,,no H data,,,no H data,,,no H data,,,no H data
Glutaric Acid,O=C(O)CCCC(=O)O,20.7,370.9,[N2222]Br,CC[N+](CC)(CC)CC.[Br-],13.9,633,307.5,0.577,Yes,Type III,Zero intersection,,0,Zero intersection,,0,Zero intersection,,0,Zero intersection,,0
Glutaric Acid,O=C(O)CCCC(=O)O,20.7,370.9,ChCl,C[N+](C)(C)CCO.[Cl-],4.3,578.15,304.55,0.505,Yes,Type III,Zero intersection,,0,"[355.39, 227.566]",,2,Zero intersection,,0,"[215.613, 360.447]",,2
Glycerol,OCC(O)CO,18.3,291.22,[Ch][OAc],CC(=O)[O-].C[N+](C)(C)CCO,8.8817,362.62,286.15,0.6,No,Type III,225.5711168,0.486447091,1,Zero intersection,,0,221.9857716,0.482394031,1,Zero intersection,,0
Glycerol,OCC(O)CO,18.3,291.25,[N3333]Br,CCC[N+](CCC)(CCC)CCC.[Br-],7.3,583,257.05,0.75,No,Type III,252.7688626,0.667460853,1,275.6162201,0.820631788,1,253.0559467,0.669750716,1,"[58.0, 58.0, 276.685]",,3
Glycerol,OCC(O)CO,18.3,291.25,[N4444]Br,CCCC[N+](CCCC)(CCCC)CCCC.[Br-],10,390.8,249.09,0.8,No,Type III,254.5124307,0.63689906,1,297.0592507,0.996766174,1,254.5475012,0.638054,1,297.1659489,0.997132949,1
Glycerol,OCC(O)CO,18.3,291.22,[N4444]Cl,CCCC[N+](CCCC)(CCCC)CCCC.[Cl-],14.69,344,230.37,0.833333333,No,Type III,182.7639628,0.591841967,1,297.0084153,0.996591428,1,179.8476738,0.588991069,1,297.1458728,0.997063938,1
Glycerol,OCC(O)CO,18.3,291.22,Benzyltriphenylphosphonium chloride,[Cl-].c1ccc(C[P+](c2ccccc2)(c2ccccc2)c2ccccc2)cc1,,603.15,323.51,0.833333333,No,Type III,,,no H data,,,no H data,,,no H data,,,no H data
Glycerol,OCC(O)CO,18.3,291.22,ChCl,C[N+](C)(C)CCO.[Cl-],4.3,578.15,237,0.667,No,Type III,249.2806706,0.53833319,1,293.7979324,0.985831244,1,249.0825934,0.538604809,1,296.0540661,0.993474648,1
Glycerol,OCC(O)CO,18.3,291.22,Methyltriphenylphosphonium bromide,C[P+](c1ccccc1)(c1ccccc1)c1ccccc1.[Br-],,504.15,267.6,0.75,No,Type III,,,no H data,,,no H data,,,no H data,,,no H data
Glycerol,OCC(O)CO,18.3,291.22,"N,N-Diethylethanolammonium chloride",CC[NH+](CC)CCO.[Cl-],,408.15,271.82,0.666666667,No,Type III,,,no H data,,,no H data,,,no H data,,,no H data
Glycerol,OCC(O)CO,18.3,291.25,Phenformin,NC(N)=NC(N)=NCCc1ccccc1,,449.65,204.15,0.666666667,No,Type V,,,no H data,,,no H data,,,no H data,,,no H data
Glycerol,OCC(O)CO,18.3,291.25,Ranitidine,CN/C(=C\[N+](=O)[O-])NCCSCc1ccc(CN(C)C)o1,,342.15,186.15,0.67,No,Type V,,,no H data,,,no H data,,,no H data,,,no H data
Glycerol,OCC(O)CO,18.3,291.25,Tetracycline,CN(C)[C@@H]1C(=O)C(C(N)=O)=C(O)[C@@]2(O)C(=O)C3=C(O)c4c(O)cccc4[C@@](C)(O)[C@H]3C[C@@H]12,,444.15,335.15,0.67,No,Type V,,,no H data,,,no H data,,,no H data,,,no H data
Glycerol,OCC(O)CO,18.3,291.25,Ticlopidine,Clc1ccccc1CN1CCc2sccc2C1,,462.15,340.15,0.67,No,Type V,,,no H data,,,no H data,,,no H data,,,no H data
Glycolic Acid,O=C(O)CO,19.3,350.8,Betaine,C[N+](C)(C)CC(=O)[O-],17.98,566,237.15,0.667,Yes,Type III,240.1078239,0.725203982,1,240.1078239,0.725203982,1,227.2681899,0.721120281,1,227.2681899,0.721120281,1
Glycolic Acid,O=C(O)CO,19.3,350.8,ChCl,C[N+](C)(C)CCO.[Cl-],4.3,578.15,287.45,0.549,Yes,Type III,181.2818366,0.502114256,1,333.9831108,0.869248601,1,177.51499,0.505968136,1,339.4288975,0.899216878,1
Hexadecan-1-ol,CCCCCCCCCCCCCCCCO,60.96,324.4,[N1111]Cl,C[N+](C)(C)C.[Cl-],20.49,612.87,328.3,0.6,Yes,Type III,329.97175,0.996634761,1,329.9994267,0.999992909,1,329.3078887,0.996106874,1,329.9997056,0.99999643,1
Hexadecan-1-ol,CCCCCCCCCCCCCCCCO,60.96,324.4,[N4444]Cl,CCCC[N+](CCCC)(CCCC)CCCC.[Cl-],14.69,344,301.6,0.597,Yes,Type III,302.9710719,0.502790086,1,"[106.0, 146.0]",,2,302.6010744,0.501722829,1,Zero intersection,,0
Hexadecan-1-ol,CCCCCCCCCCCCCCCCO,60.96,324.4,ChCl,C[N+](C)(C)CCO.[Cl-],4.3,578.15,318.55,0.5,Yes,Type III,329.9748655,0.996885515,1,329.996766,0.999989894,1,329.9757309,0.997003909,1,329.9987086,0.999995157,1
Hexanoic acid,CCCCCC(=O)O,15.4,270.15,Lidocaine,CCN(CC)CC(=O)Nc1c(C)cccc1C,16.4,341.15,217.15,0.5,No,Type V,"[138.509, 80.829, 153.325]",,3,"[138.509, 80.829, 153.325]",,3,Zero intersection,,0,Zero intersection,,0
Hydroquinone ,Oc1ccc(O)cc1,27.11,445.45,ChCl,C[N+](C)(C)CCO.[Cl-],4.3,578.15,332.16,0.5,Yes,Type III,Zero intersection,,0,"[436.976, 203.204]",,2,Zero intersection,,0,"[193.562, 439.69]",,2
Ibuprofen,CC(C)Cc1ccc(C(C)C(=O)O)cc1,39.5,350.4,ChCl,C[N+](C)(C)CCO.[Cl-],4.3,578.15,326.05,0.604,Yes,Type III,333.0872524,0.715586604,1,352.5179805,0.985152746,1,331.0472541,0.699418162,1,352.9493595,0.989661095,1
Imidazole,c1c[nH]cn1,13.1,359.3,[N4444]Br,CCCC[N+](CCCC)(CCCC)CCCC.[Br-],10,390.8,294.4965504,0.7,Yes,Type III,288.8702772,0.571873014,1,357.6774962,0.971633569,1,284.6578216,0.565572069,1,351.1220442,0.927714054,1
Imidazole,c1c[nH]cn1,13.1,359.3,ChCl,C[N+](C)(C)CCO.[Cl-],4.3,578.15,329.2685869,0.7,Yes,Type III,275.9397544,0.490486653,1,361.3349067,0.995424704,1,270.7219171,0.481309121,1,361.7512373,0.998249044,1
Itaconic acid,C=C(CC(=O)O)C(=O)O,32.2,444.46,ChCl,C[N+](C)(C)CCO.[Cl-],4.3,578.15,330.15,0.5,No,Type III,Zero intersection,,0,"[438.588, 151.464]",,2,Zero intersection,,0,"[144.272, 440.658]",,2
Ketoprofen,CC(C(=O)O)c1cccc(C(=O)c2ccccc2)c1,37.3,368,ChCl,C[N+](C)(C)CCO.[Cl-],4.3,578.15,349.75,0.69,Yes,Type III,337.2872463,0.449490327,1,369.4829939,0.993140842,1,332.2690804,0.405532401,1,369.650759,0.995504423,1
Lactic Acid,CC(O)C(=O)O,11.34,289.95,Alanine,CC([NH3+])C(=O)[O-],22,570.15,298.15,0.5,No,Type III,246.5340679,0.79952523,1,246.5340679,0.79952523,1,194.4403663,0.741924758,1,194.4403663,0.741924758,1
Lactic Acid,CC(O)C(=O)O,11.34,289.95,Benzyltripropylammonium chloride,CCC[N+](CCC)(CCC)Cc1ccccc1.[Cl-],,478.16,216.279,0.755,Yes,Type III,,,no H data,,,no H data,,,no H data,,,no H data
Lactic Acid,CC(O)C(=O)O,11.34,289.95,Betaine,C[N+](C)(C)CC(=O)[O-],17.98,566,298.15,0.5,No,Type III,Zero intersection,,0,Zero intersection,,0,Zero intersection,,0,Zero intersection,,0
Lactic Acid,CC(O)C(=O)O,11.34,289.95,ChCl,C[N+](C)(C)CCO.[Cl-],4.3,578.15,287.75,0.901,Yes,Type III,Zero intersection,,0,Zero intersection,,0,Zero intersection,,0,Zero intersection,,0
Lauric Acid,CCCCCCCCCCCC(=O)O,34.69,317.5,[N1111]Cl,C[N+](C)(C)C.[Cl-],20.49,612.87,312.55,0.704,Yes,Type III,302.840798,0.868527799,1,320.5898063,0.988837741,1,300.953376,0.86209354,1,320.9688209,0.991915536,1
Lauric Acid,CCCCCCCCCCCC(=O)O,34.69,317.5,[N2222]Cl,CC[N+](CC)(CC)CC.[Cl-],51.24,535.4,303.82,0.702,Yes,Type III,304.6147982,0.88926792,1,279.5976189,0.785909578,1,302.9478541,0.884396819,1,283.2291842,0.802101867,1
Lauric Acid,CCCCCCCCCCCC(=O)O,34.69,317.5,[N3333]Cl,CCC[N+](CCC)(CCC)CCC.[Cl-],66.58,502.4,295.7,0.702,Yes,Type III,304.5265099,0.892913159,1,"[243.227, 192.716, 222.865]",,3,302.8817078,0.88837331,1,210.8658781,0.491462447,1
Lauric Acid,CCCCCCCCCCCC(=O)O,34.69,317.5,ChCl,C[N+](C)(C)CCO.[Cl-],4.3,578.15,313.2,0.655,Yes,Type III,307.7546142,0.85001673,1,320.1551772,0.984635993,1,306.8390496,0.843480665,1,320.6975181,0.989277,1
Lauric Acid,CCCCCCCCCCCC(=O)O,34.69,316.95,Ibuprofen,CC(C)Cc1ccc(C(C)C(=O)O)cc1,39.5,350.4,308.39,0.7,Yes,Type V,312.4797246,0.829435624,1,312.4797246,0.829435624,1,312.3677989,0.826487938,1,312.3677989,0.826487938,1
Lauric Acid,CCCCCCCCCCCC(=O)O,34.69,316.95,Lidocaine,CCN(CC)CC(=O)Nc1c(C)cccc1C,16.4,341.15,279.15,0.57,No,Type V,235.3507377,0.46766534,1,235.3507377,0.46766534,1,221.1415926,0.461726204,1,221.1415926,0.461726204,1
Lauric Acid,CCCCCCCCCCCC(=O)O,34.69,317.5,Myristic Acid,CCCCCCCCCCCCCC(=O)O,45.75,327,308.85,0.7001,Yes,Type V,307.39597,0.653903324,1,307.39597,0.653903324,1,307.3953907,0.65389038,1,307.3953907,0.65389038,1
Lauric Acid,CCCCCCCCCCCC(=O)O,34.69,317.5,Palmitic Acid,CCCCCCCCCCCCCCCC(=O)O,51.02,336.8,310.44,0.7998,Yes,Type V,311.2177163,0.774233492,1,311.2177163,0.774233492,1,311.2160239,0.774203502,1,311.2160239,0.774203502,1
Lauric Acid,CCCCCCCCCCCC(=O)O,34.69,317.5,Stearic Acid,CCCCCCCCCCCCCCCCCC(=O)O,61.36,343.67,312.31,0.8485,Yes,Type V,314.4869391,0.87091509,1,314.4869391,0.87091509,1,314.4848123,0.870884971,1,314.4848123,0.870884971,1
Lauric Acid,CCCCCCCCCCCC(=O)O,34.69,317.5,Thymol,Cc1ccc(C(C)C)c(O)c1,19.65,323.5,301.54,0.45,Yes,Type V,293.3118047,0.432274964,1,293.3118047,0.432274964,1,292.9019593,0.432140257,1,292.9019593,0.432140257,1
Levulinic acid,CC(=O)CCC(=O)O,9.22,306.16,ChCl,C[N+](C)(C)CCO.[Cl-],4.3,578.15,262,0.75,No,Type III,97.85480409,0.582206278,1,"[178.943, 280.293]",,2,105.6262281,0.589522964,1,"[155.581, 289.166]",,2
Lidocaine,CCN(CC)CC(=O)Nc1c(C)cccc1C,16.4,341.15,DL-camphor,CC12CCC(CC1=O)C2(C)C,5.9,448.15,290.6,0.46,Yes,Type V,314.620279,0.590145274,1,314.620279,0.590145274,1,313.3843624,0.57850099,1,313.3843624,0.57850099,1
Lidocaine,CCN(CC)CC(=O)Nc1c(C)cccc1C,16.4,341.15,Ibuprofen,CC(C)Cc1ccc(C(C)C(=O)O)cc1,39.5,350.4,246.15,0.5,No,Type V,252.7696476,0.573042323,1,252.7696476,0.573042323,1,239.6595908,0.569858642,1,239.6595908,0.569858642,1
Lidocaine,CCN(CC)CC(=O)Nc1c(C)cccc1C,16.4,341.15,Stearic Acid,CCCCCCCCCCCCCCCCCC(=O)O,61.36,343.67,316.15,0.5,No,Type V,294.5822199,0.621094515,1,294.5822199,0.621094515,1,288.337139,0.616767195,1,288.337139,0.616767195,1
Lidocaine,CCN(CC)CC(=O)Nc1c(C)cccc1C,16.4,341.15,Tetracaine,CCCCNc1ccc(C(=O)OCCN(C)C)cc1,,421.15,303.15,0.5,No,Type V,,,no H data,,,no H data,,,no H data,,,no H data
Limonene,C=C(C)[C@@H]1CC=C(C)CC1,11.38,199.18,Capric Acid,CCCCCCCCCC(=O)O,27.5,304.8,280.95,0.666666667,No,Type V,"[58.0, 202.0]",,2,"[58.0, 202.0]",,2,"[50.0, 202.0]",,2,"[50.0, 202.0]",,2
Limonene,C=C(C)[C@@H]1CC=C(C)CC1,11.38,199.18,Myristic Acid,CCCCCCCCCCCCCC(=O)O,45.75,327,320.65,0.666666667,No,Type V,"[50.0, 202.0]",,2,"[50.0, 202.0]",,2,"[50.0, 202.0]",,2,"[50.0, 202.0]",,2
Linoleic acid,CCCCC/C=C\C/C=C\CCCCCCCC(=O)O,33.4,266.25,Lidocaine,CCN(CC)CC(=O)Nc1c(C)cccc1C,16.4,341.15,202.15,0.5,No,Type V,190.800956,0.499215613,1,190.800956,0.499215613,1,175.3998441,0.484229193,1,175.3998441,0.484229193,1
Malic Acid,O=C(O)CC(O)C(=O)O,33.522,404.3,Alanine,CC([NH3+])C(=O)[O-],22,570.15,318.15,0.5,No,Type III,374.4432794,0.666315913,1,374.4432794,0.666315913,1,365.2920223,0.637810177,1,365.2920223,0.637810177,1
Malic Acid,O=C(O)CC(O)C(=O)O,33.522,404.3,Betaine,C[N+](C)(C)CC(=O)[O-],17.98,566,318.15,0.5,No,Type III,Zero intersection,,0,Zero intersection,,0,Zero intersection,,0,Zero intersection,,0
Malic Acid,O=C(O)CC(O)C(=O)O,33.522,404.3,ChCl,C[N+](C)(C)CCO.[Cl-],4.3,578.15,334.55,0.45,Yes,Type III,Zero intersection,,0,"[197.041, 384.717]",,2,Zero intersection,,0,"[390.718, 182.515]",,2
Malonic Acid,O=C(O)CC(=O)O,23.1,407.46,ChCl,C[N+](C)(C)CCO.[Cl-],4.3,578.15,285.15,0.52,No,Type III,Zero intersection,,0,Zero intersection,,0,Zero intersection,,0,Zero intersection,,0
Mannose,OC[C@H]1O[C@H](O)[C@@H](O)[C@@H](O)[C@@H]1O,24.69,407,ChCl,C[N+](C)(C)CCO.[Cl-],4.3,578.15,332.52,0.499,Yes,Type III,210.3446407,0.367037469,1,404.6393927,0.950558842,1,205.7519656,0.369859334,1,406.9486438,0.972031006,1
Menthol,CC(C)[C@@H]1CC[C@@H](C)C[C@H]1O,13.74,314.6,Betaine,C[N+](C)(C)CC(=O)[O-],17.98,566,310.1,0.899,Yes,Type III,315.8820933,0.993268737,1,315.8820933,0.993268737,1,314.171479,0.991439477,1,314.171479,0.991439477,1
Menthol,CC(C)[C@@H]1CC[C@@H](C)C[C@H]1O,13.74,314.6,ChCl,C[N+](C)(C)CCO.[Cl-],4.3,578.15,315.7,0.7,Yes,Type III,313.9438202,0.984142958,1,321.9719419,0.999967019,1,313.9362587,0.983408871,1,321.9858412,0.999983448,1
Menthol,CC(C)[C@@H]1CC[C@@H](C)C[C@H]1O,13.74,314.6,Hexadecan-1-ol,CCCCCCCCCCCCCCCCO,60.96,324.4,301.2,0.801,Yes,Type V,302.0516613,0.804202894,1,302.0516613,0.804202894,1,302.0542182,0.804208248,1,302.0542182,0.804208248,1
Menthol,CC(C)[C@@H]1CC[C@@H](C)C[C@H]1O,13.74,314.6,Hydroquinone ,Oc1ccc(O)cc1,27.11,445.45,398.5,0.8,No,Type V,310.226533,0.942292625,1,310.226533,0.942292625,1,309.637228,0.935740667,1,309.637228,0.935740667,1
Menthol,CC(C)[C@@H]1CC[C@@H](C)C[C@H]1O,13.74,314.6,Ibuprofen,CC(C)Cc1ccc(C(C)C(=O)O)cc1,39.5,350.4,291.138,0.75,Yes,Type V,303.5449856,0.838115901,1,303.5449856,0.838115901,1,303.0938026,0.834034157,1,303.0938026,0.834034157,1
Menthol,CC(C)[C@@H]1CC[C@@H](C)C[C@H]1O,13.74,314.6,Lauric Acid,CCCCCCCCCCCC(=O)O,34.69,317.5,289,0.7,Yes,Type V,288.0714784,0.668407816,1,288.0714784,0.668407816,1,287.8479012,0.668134939,1,287.8479012,0.668134939,1
Menthol,CC(C)[C@@H]1CC[C@@H](C)C[C@H]1O,13.74,314.6,Myristic Acid,CCCCCCCCCCCCCC(=O)O,45.75,327,296.17,0.8,Yes,Type V,296.1681527,0.756088164,1,296.1681527,0.756088164,1,295.9687396,0.75515469,1,295.9687396,0.75515469,1
Menthol,CC(C)[C@@H]1CC[C@@H](C)C[C@H]1O,13.74,314.6,Octadecan-1-ol,CCCCCCCCCCCCCCCCCCO,65.35,332.9,307.8,0.8,Yes,Type V,306.4979704,0.869499133,1,306.4979704,0.869499133,1,306.5019522,0.869551041,1,306.5019522,0.869551041,1
Menthol,CC(C)[C@@H]1CC[C@@H](C)C[C@H]1O,13.74,314.6,Palmitic Acid,CCCCCCCCCCCCCCCC(=O)O,51.02,336.8,308.53,0.9,Yes,Type V,301.5909316,0.81953425,1,301.5909316,0.81953425,1,301.4356054,0.818318962,1,301.4356054,0.818318962,1
Menthol,CC(C)[C@@H]1CC[C@@H](C)C[C@H]1O,13.74,314.6,Phenylpropionic Acid,O=C(O)CCc1ccccc1,32.7,321.1,284.21,0.6,Yes,Type V,292.9849167,0.695791897,1,292.9849167,0.695791897,1,292.0512278,0.691669964,1,292.0512278,0.691669964,1
Menthol,CC(C)[C@@H]1CC[C@@H](C)C[C@H]1O,13.74,314.6,Salicylic Acid,O=C(O)c1ccccc1O,26.1,432.15,297.9,0.85,No,Type V,305.0519311,0.869140517,1,305.0519311,0.869140517,1,303.4457812,0.854775142,1,303.4457812,0.854775142,1
Menthol,CC(C)[C@@H]1CC[C@@H](C)C[C@H]1O,13.74,314.6,Stearic Acid,CCCCCCCCCCCCCCCCCC(=O)O,61.36,343.67,308.6,0.9,Yes,Type V,306.8973642,0.885547356,1,306.8973642,0.885547356,1,306.8094279,0.884496902,1,306.8094279,0.884496902,1
Menthol,CC(C)[C@@H]1CC[C@@H](C)C[C@H]1O,13.74,314.6,Testosterone,C[C@]12CC[C@H]3[C@@H](CCC4=CC(=O)CC[C@@]43C)[C@@H]1CC[C@@H]2O,24.86,424.15,312.365,0.811,Yes,Type V,307.7706974,0.901903439,1,307.7706974,0.901903439,1,307.6515726,0.900738895,1,307.6515726,0.900738895,1
Menthol,CC(C)[C@@H]1CC[C@@H](C)C[C@H]1O,13.74,314.6,Thymol,Cc1ccc(C(C)C)c(O)c1,19.65,323.5,263.9,0.648,Yes,Type V,264.9013697,0.565031101,1,264.9013697,0.565031101,1,263.6072308,0.564897877,1,263.6072308,0.564897877,1
Myristic Acid,CCCCCCCCCCCCCC(=O)O,45.75,327,[N1111]Cl,C[N+](C)(C)C.[Cl-],20.49,612.87,317.45,0.786,Yes,Type III,317.7239448,0.882007299,1,329.3430602,0.992497316,1,316.4935233,0.875331606,1,329.5235751,0.994633316,1
Myristic Acid,CCCCCCCCCCCCCC(=O)O,45.75,327,[N2222]Cl,CC[N+](CC)(CC)CC.[Cl-],51.24,535.4,311.71,0.699,Yes,Type III,317.6903219,0.892937936,1,300.5178366,0.788057579,1,316.5579393,0.887669386,1,303.2621413,0.806178874,1
Myristic Acid,CCCCCCCCCCCCCC(=O)O,45.75,327,[N3333]Cl,CCC[N+](CCC)(CCC)CCC.[Cl-],66.58,502.4,305.68,0.6,Yes,Type III,317.1295442,0.893202552,1,"[218.695, 212.891, 257.224]",,3,316.0067346,0.888310963,1,237.7733439,0.29863578,1
Myristic Acid,CCCCCCCCCCCCCC(=O)O,45.75,327,[N4444]Cl,CCCC[N+](CCCC)(CCCC)CCCC.[Cl-],14.69,344,285.1,0.494,Yes,Type III,252.0831904,0.579425639,1,Zero intersection,,0,249.3292236,0.580033204,1,Zero intersection,,0
Myristic Acid,CCCCCCCCCCCCCC(=O)O,45.75,327,ChCl,C[N+](C)(C)CCO.[Cl-],4.3,578.15,317.03,0.551,Yes,Type III,321.8885222,0.876984654,1,329.2511344,0.990843045,1,321.8099626,0.871731023,1,329.4823944,0.993774928,1
Myristic Acid,CCCCCCCCCCCCCC(=O)O,45.75,327,Palmitic Acid,CCCCCCCCCCCCCCCC(=O)O,51.02,336.8,319.96,0.7203,Yes,Type V,318.3205409,0.644542694,1,318.3205409,0.644542694,1,318.3202573,0.644543036,1,318.3202573,0.644543036,1
"N-Benzyl-2-hydroxy-N,N-dimethylethanaminium chloride",C[N+](C)(CCO)Cc1ccccc1.[Cl-],87.3,351.42,Urea,NC(N)=O,14.6,405.85,238.15,0.67,No,Type III,340.0962495,0.435531428,1,331.3886033,0.382789017,1,340.9138406,0.457651839,1,335.0869287,0.388848988,1
o-Cresol,Cc1ccccc1O,15.82,304.18,ChCl,C[N+](C)(C)CCO.[Cl-],4.3,578.15,249.4,0.75,No,Type III,Zero intersection,,0,Zero intersection,,0,Zero intersection,,0,Zero intersection,,0
Octadecan-1-ol,CCCCCCCCCCCCCCCCCCO,65.35,332.9,[N1111]Cl,C[N+](C)(C)C.[Cl-],20.49,612.87,333.5,0.695,Yes,Type III,337.9800624,0.997586115,1,337.9994563,0.999994053,1,337.9767826,0.997212623,1,337.9997511,0.999996966,1
Octadecan-1-ol,CCCCCCCCCCCCCCCCCCO,65.35,332.9,[N4444]Cl,CCCC[N+](CCCC)(CCCC)CCCC.[Cl-],14.69,344,313,0.608,Yes,Type III,312.0893253,0.452574599,1,Zero intersection,,0,311.716434,0.451871706,1,Zero intersection,,0
Octadecan-1-ol,CCCCCCCCCCCCCCCCCCO,65.35,332.9,Betaine,C[N+](C)(C)CC(=O)[O-],17.98,566,332.1,0.9,Yes,Type III,337.8411662,0.99821312,1,337.8411662,0.99821312,1,337.8162394,0.997817843,1,337.8162394,0.997817843,1
Octadecan-1-ol,CCCCCCCCCCCCCCCCCCO,65.35,332.9,ChCl,C[N+](C)(C)CCO.[Cl-],4.3,578.15,328.32,0.498,Yes,Type III,337.9798874,0.997495886,1,337.9999382,0.99999266,1,337.9806685,0.997598439,1,337.9999699,0.999996445,1
Oleic acid,CCCCCCCC/C=C\CCCCCCCC(=O)O,42.99,289.45,Capric Acid,CCCCCCCCCC(=O)O,27.5,304.8,272.78,0.6,Yes,Type V,281.4545606,0.601517645,1,281.4545606,0.601517645,1,281.4581872,0.601604582,1,281.4581872,0.601604582,1
Oleic acid,CCCCCCCC/C=C\CCCCCCCC(=O)O,42.99,289.45,Lidocaine,CCN(CC)CC(=O)Nc1c(C)cccc1C,16.4,341.15,226.15,0.5,No,Type V,226.9574423,0.477521299,1,226.9574423,0.477521299,1,215.6567503,0.46704426,1,215.6567503,0.46704426,1
Oxalic Acid,O=C(O)C(=O)O,18.58,462.4,ChCl,C[N+](C)(C)CCO.[Cl-],4.3,578.15,308,0.5,Yes,Type III,Zero intersection,,0,Zero intersection,,0,Zero intersection,,0,Zero intersection,,0
Palmitic Acid,CCCCCCCCCCCCCCCC(=O)O,51.02,336.8,[N1111]Cl,C[N+](C)(C)C.[Cl-],20.49,612.87,331.36,0.699,Yes,Type III,330.524527,0.898270025,1,337.7084994,0.995756243,1,329.7141438,0.891323868,1,337.7913458,0.997021913,1
Palmitic Acid,CCCCCCCCCCCCCCCC(=O)O,51.02,336.8,[N2222]Cl,CC[N+](CC)(CC)CC.[Cl-],51.24,535.4,319.93,0.594,Yes,Type III,330.0180478,0.900353142,1,315.3668422,0.793360185,1,328.8595886,0.894509719,1,317.7702731,0.81301172,1
Palmitic Acid,CCCCCCCCCCCCCCCC(=O)O,51.02,336.8,[N3333]Cl,CCC[N+](CCC)(CCC)CCC.[Cl-],66.58,502.4,304.02,0.501,Yes,Type III,329.0177861,0.896951499,1,268.2173201,0.326303102,1,327.8148349,0.891589289,1,248.9948281,0.181797272,1
Palmitic Acid,CCCCCCCCCCCCCCCC(=O)O,51.02,336.8,[N4444]Cl,CCCC[N+](CCCC)(CCCC)CCCC.[Cl-],14.69,344,298.4,0.51,Yes,Type III,270.5964858,0.546567859,1,Zero intersection,,0,268.3334287,0.548423216,1,Zero intersection,,0
Palmitic Acid,CCCCCCCCCCCCCCCC(=O)O,51.02,336.8,ChCl,C[N+](C)(C)CCO.[Cl-],4.3,578.15,331.03,0.6,Yes,Type III,337.2200617,0.905382101,1,337.7092349,0.995373569,1,337.1733979,0.900523167,1,337.8034586,0.99694689,1
Palmitic Acid,CCCCCCCCCCCCCCCC(=O)O,51.02,336.8,Ibuprofen,CC(C)Cc1ccc(C(C)C(=O)O)cc1,39.5,350.4,323.69,0.5,Yes,Type V,329.2798868,0.641312553,1,329.2798868,0.641312553,1,329.0855482,0.637217201,1,329.0855482,0.637217201,1
Palmitic Acid,CCCCCCCCCCCCCCCC(=O)O,51.02,336.8,Stearic Acid,CCCCCCCCCCCCCCCCCC(=O)O,61.36,343.67,329.06,0.6996,Yes,Type V,328.3458818,0.634237755,1,328.3458818,0.634237755,1,328.3453726,0.634229534,1,328.3453726,0.634229534,1
Paracetamol,CC(=O)Nc1ccc(O)cc1,26.2,443,ChCl,C[N+](C)(C)CCO.[Cl-],4.3,578.15,321.18,0.496,Yes,Type III,312.8417327,0.324058581,1,444.4999618,0.989350284,1,310.6677852,0.31931738,1,447.0910835,0.994378765,1
p-Coumaric acid,O=C(O)/C=C/c1ccc(O)cc1,27.42,492.36,ChCl,C[N+](C)(C)CCO.[Cl-],4.3,578.15,340.15,0.33,No,Type III,Zero intersection,,0,"[118.978, 490.735]",,2,Zero intersection,,0,"[111.814, 493.435]",,2
Pelargonic Acid,CCCCCCCCC(=O)O,19.82,285.75,Lauric Acid,CCCCCCCCCCCC(=O)O,34.69,317.5,282,0.75,Yes,Type V,279.5144651,0.833157586,1,279.5144651,0.833157586,1,279.5127305,0.833122645,1,279.5127305,0.833122645,1
Phenol,Oc1ccccc1,11.51,314.15,ChCl,C[N+](C)(C)CCO.[Cl-],4.3,578.15,253.1,0.75,No,Type III,Zero intersection,,0,Zero intersection,,0,Zero intersection,,0,Zero intersection,,0
Phenyl salicylate,O=C(Oc1ccccc1)c1ccccc1O,19.16,314.85,Lidocaine,CCN(CC)CC(=O)Nc1c(C)cccc1C,16.4,341.15,291.35,0.57,Yes,Type V,301.077733,0.606707954,1,301.077733,0.606707954,1,299.3084429,0.600660314,1,299.3084429,0.600660314,1
Phenylacetic Acid,O=C(O)Cc1ccccc1,16.3,349.6,ChCl,C[N+](C)(C)CCO.[Cl-],4.3,578.15,291.6589,0.63,No,Type III,172.237564,0.47491461,1,"[62.065, 344.411]",,2,153.5205389,0.469729896,1,346.3645009,0.964104888,1
Phenylpropionic Acid,O=C(O)CCc1ccccc1,32.7,321.1,ChCl,C[N+](C)(C)CCO.[Cl-],4.3,578.15,293.9791,0.67,No,Type III,255.4621976,0.442084969,1,314.1840019,0.910575351,1,250.3422507,0.428748687,1,314.9795663,0.920797193,1
Pimelic Acid,O=C(O)CCCCCC(=O)O,23.7,368.2,[N2222]Br,CC[N+](CC)(CC)CC.[Br-],13.9,633,328.6,0.578,Yes,Type III,190.6501841,0.632104756,1,191.584909,0.590835768,1,178.2021433,0.638374576,1,233.2087127,0.624066374,1
Pimelic Acid,O=C(O)CCCCCC(=O)O,23.7,368.2,[N3333]Br,CCC[N+](CCC)(CCC)CCC.[Br-],7.3,583,319.8,0.55,Yes,Type III,Zero intersection,,0,Zero intersection,,0,Zero intersection,,0,Zero intersection,,0
Prilocaine,CCCNC(C)C(=O)Nc1ccccc1C,,310.55,Lidocaine,CCN(CC)CC(=O)Nc1c(C)cccc1C,16.4,341.15,291.15,0.5,No,Type V,,,no H data,,,no H data,,,no H data,,,no H data
Propionic acid,CCC(=O)O,10.57,252.15,[N4444]Br,CCCC[N+](CCCC)(CCCC)CCCC.[Br-],10,390.8,254.01,0.5,No,Type III,"[82.387, 97.484]",,2,Zero intersection,,0,"[82.45, 97.427]",,2,Zero intersection,,0
Ranitidine,CN/C(=C\[N+](=O)[O-])NCCSCc1ccc(CN(C)C)o1,,342.15,Acetylsalicylic Acid,CC(=O)Oc1ccccc1C(=O)O,29.8,414,236.15,0.67,No,Type V,,,no H data,,,no H data,,,no H data,,,no H data
Ranitidine,CN/C(=C\[N+](=O)[O-])NCCSCc1ccc(CN(C)C)o1,,342.15,Urea,NC(N)=O,14.6,405.85,242.15,0.67,No,Type V,,,no H data,,,no H data,,,no H data,,,no H data
Resorcinol,Oc1cccc(O)c1,20.4,382.5,ChCl,C[N+](C)(C)CCO.[Cl-],4.3,578.15,279.632,0.495,Yes,Type III,Zero intersection,,0,Zero intersection,,0,Zero intersection,,0,Zero intersection,,0
Salicylic Acid,O=C(O)c1ccccc1O,26.1,432.15,Betaine,C[N+](C)(C)CC(=O)[O-],17.98,566,347.8,0.702,Yes,Type III,344.2654427,0.761817597,1,344.2654427,0.761817597,1,323.7099459,0.759749972,1,323.7099459,0.759749972,1
Salicylic Acid,O=C(O)c1ccccc1O,26.1,432.15,ChCl,C[N+](C)(C)CCO.[Cl-],4.3,578.15,340.6,0.504,Yes,Type III,"[64.588, 215.687]",,2,"[64.548, 430.044]",,2,Zero intersection,,0,"[430.987, 54.282]",,2
Sorbitol,OC[C@H](O)[C@@H](O)[C@H](O)[C@H](O)CO,30.2,366.5,Betaine,C[N+](C)(C)CC(=O)[O-],17.98,566,363.9,0.9,Yes,Type III,329.456392,0.694946697,1,329.456392,0.694946697,1,326.1423488,0.686644325,1,326.1423488,0.686644325,1
Sorbitol,OC[C@H](O)[C@@H](O)[C@H](O)[C@H](O)CO,30.2,366.5,ChCl,C[N+](C)(C)CCO.[Cl-],4.3,578.15,284.15,0.5,No,Type III,262.1594901,0.348529006,1,367.1073872,0.96670167,1,261.1652174,0.348999109,1,368.4419387,0.982208739,1
Stearic Acid,CCCCCCCCCCCCCCCCCC(=O)O,61.36,343.67,[N1111]Cl,C[N+](C)(C)C.[Cl-],20.49,612.87,337.95,0.624,Yes,Type III,340.5645583,0.918795175,1,345.8867858,0.998238033,1,339.8982167,0.911569225,1,345.9208445,0.998798016,1
Stearic Acid,CCCCCCCCCCCCCCCCCC(=O)O,61.36,343.67,[N2222]Cl,CC[N+](CC)(CC)CC.[Cl-],51.24,535.4,321.65,0.588,Yes,Type III,339.5695687,0.912836963,1,329.3241517,0.802928784,1,338.9177624,0.906584546,1,331.1221341,0.824653437,1
Stearic Acid,CCCCCCCCCCCCCCCCCC(=O)O,61.36,343.67,[N3333]Cl,CCC[N+](CCC)(CCC)CCC.[Cl-],66.58,502.4,327.25,0.602,Yes,Type III,338.7850056,0.905881408,1,277.8005228,0.141502614,1,338.1346188,0.900050716,1,274.9097037,0.137812051,1
Stearic Acid,CCCCCCCCCCCCCCCCCC(=O)O,61.36,343.67,[N4444]Cl,CCCC[N+](CCCC)(CCCC)CCCC.[Cl-],14.69,344,322.9,0.507,Yes,Type III,291.196362,0.488528591,1,Zero intersection,,0,289.5633525,0.492288256,1,Zero intersection,,0
Stearic Acid,CCCCCCCCCCCCCCCCCC(=O)O,61.36,343.67,Betaine,C[N+](C)(C)CC(=O)[O-],17.98,566,343,0.9,Yes,Type III,340.5129593,0.918603107,1,340.5129593,0.918603107,1,339.7748257,0.909666334,1,339.7748257,0.909666334,1
Stearic Acid,CCCCCCCCCCCCCCCCCC(=O)O,61.36,343.67,ChCl,C[N+](C)(C)CCO.[Cl-],4.3,578.15,339.55,0.614,Yes,Type III,345.4417274,0.931203513,1,345.8996681,0.998267166,1,339.2502642,0.92195618,1,345.9340541,0.998894731,1
Suberic Acid,O=C(O)CCCCCCC(=O)O,30.2,415.3,ChCl,C[N+](C)(C)CCO.[Cl-],4.3,578.15,366.15,0.5,No,Type III,286.425787,0.345858242,1,"[70.62, 416.579]",,2,274.3504878,0.34563757,1,"[58.561, 417.122]",,2
Succinic Acid,O=C(O)CCC(=O)O,34,455.2,[N2222]Br,CC[N+](CC)(CC)CC.[Br-],13.9,633,349.3,0.5,No,Type III,305.296918,0.547662081,1,299.7932436,0.521603168,1,295.3051808,0.55204012,1,343.7005431,0.565973303,1
Succinic Acid,O=C(O)CCC(=O)O,34,455.2,ChCl,C[N+](C)(C)CCO.[Cl-],4.3,578.15,343,0.5,Yes,Type III,93.1689496,0.414079312,1,"[111.519, 450.983]",,2,Zero intersection,,0,"[453.171, 100.762]",,2
Sucrose,OC[C@H]1O[C@H](O[C@]2(CO)O[C@H](CO)[C@@H](O)[C@@H]2O)[C@H](O)[C@@H](O)[C@@H]1O,32,462.05,ChCl,C[N+](C)(C)CCO.[Cl-],4.3,578.15,343.65,0.506,Yes,Type III,287.9944697,0.27428453,1,461.1318796,0.959508696,1,284.7390009,0.275592555,1,463.3301043,0.977857887,1
Tartaric Acid,O=C(O)[C@@H](O)[C@H](O)C(=O)O,36.31,443.3,ChCl,C[N+](C)(C)CCO.[Cl-],4.3,578.15,321.55,0.327,Yes,Type III,Zero intersection,,0,"[412.326, 279.79]",,2,Zero intersection,,0,"[265.677, 421.876]",,2
Tetradecan-1-ol,CCCCCCCCCCCCCCO,45.81,311.7,[N1111]Cl,C[N+](C)(C)C.[Cl-],20.49,612.87,313.1,0.9,Yes,Type III,313.9570288,0.994977741,1,313.9999255,0.999992018,1,313.9499831,0.994248056,1,313.9998155,0.999996095,1
Tetradecan-1-ol,CCCCCCCCCCCCCCO,45.81,311.7,[N4444]Cl,CCCC[N+](CCCC)(CCCC)CCCC.[Cl-],14.69,344,291.6,0.601,Yes,Type III,285.6957181,0.580447424,1,Zero intersection,,0,285.2245158,0.579059436,1,Zero intersection,,0
Tetradecan-1-ol,CCCCCCCCCCCCCCO,45.81,311.7,ChCl,C[N+](C)(C)CCO.[Cl-],4.3,578.15,303.15,0.581,Yes,Type III,313.9690284,0.996193768,1,313.9998668,0.999984804,1,313.9699566,0.996328333,1,313.9999374,0.999992894,1
Tetradecan-1-ol,CCCCCCCCCCCCCCO,45.81,311.7,Menthol,CC(C)[C@@H]1CC[C@@H](C)C[C@H]1O,13.74,314.6,290.6,0.3,Yes,Type V,292.6434071,0.325234448,1,292.6434071,0.325234448,1,292.6410956,0.325256318,1,292.6410956,0.325256318,1
Tetradecan-1-ol,CCCCCCCCCCCCCCO,45.81,311.7,Thymol,Cc1ccc(C(C)C)c(O)c1,19.65,323.5,289.9,0.501,Yes,Type V,286.272221,0.419609292,1,286.272221,0.419609292,1,285.3962147,0.419196107,1,285.3962147,0.419196107,1
Thiourea,NC(N)=S,15.64,444.7,ChCl,C[N+](C)(C)CCO.[Cl-],4.3,578.15,373.15,0.58,No,Type III,Zero intersection,,0,"[136.46, 430.327]",,2,Zero intersection,,0,437.6213555,0.9469685,1
Thymol,Cc1ccc(C(C)C)c(O)c1,19.65,323.5,Betaine,C[N+](C)(C)CC(=O)[O-],17.98,566,310.9,0.901,Yes,Type III,Zero intersection,,0,Zero intersection,,0,Zero intersection,,0,Zero intersection,,0
Thymol,Cc1ccc(C(C)C)c(O)c1,19.65,323.5,ChCl,C[N+](C)(C)CCO.[Cl-],4.3,578.15,327.4,0.7,Yes,Type III,Zero intersection,,0,"[273.897, 228.783]",,2,Zero intersection,,0,"[289.396, 201.184]",,2
Thymol,Cc1ccc(C(C)C)c(O)c1,19.65,323.5,DL-camphor,CC12CCC(CC1=O)C2(C)C,5.9,448.15,229.15,0.5,No,Type V,192.0373476,0.455412448,1,192.0373476,0.455412448,1,187.8384327,0.452412818,1,187.8384327,0.452412818,1
Thymol,Cc1ccc(C(C)C)c(O)c1,19.65,323.5,Hexadecan-1-ol,CCCCCCCCCCCCCCCCO,60.96,324.4,301.8,0.602,Yes,Type V,299.2308299,0.670156969,1,299.2308299,0.670156969,1,298.5160141,0.669009611,1,298.5160141,0.669009611,1
Thymol,Cc1ccc(C(C)C)c(O)c1,19.65,323.5,Ibuprofen,CC(C)Cc1ccc(C(C)C(=O)O)cc1,39.5,350.4,305.15,0.67,Yes,Type V,309.7890775,0.76045868,1,309.7890775,0.76045868,1,309.7217054,0.759818967,1,309.7217054,0.759818967,1
Thymol,Cc1ccc(C(C)C)c(O)c1,19.65,323.5,Myristic Acid,CCCCCCCCCCCCCC(=O)O,45.75,327,309.05,0.7,Yes,Type V,302.7066067,0.66133601,1,302.7066067,0.66133601,1,302.2870174,0.660431084,1,302.2870174,0.660431084,1
Thymol,Cc1ccc(C(C)C)c(O)c1,19.65,323.5,Octadecan-1-ol,CCCCCCCCCCCCCCCCCCO,65.35,332.9,309.6,0.701,Yes,Type V,305.5371594,0.723297628,1,305.5371594,0.723297628,1,304.6720608,0.720459857,1,304.6720608,0.720459857,1
Thymol,Cc1ccc(C(C)C)c(O)c1,19.65,323.5,Palmitic Acid,CCCCCCCCCCCCCCCC(=O)O,51.02,336.8,311.83,0.8,Yes,Type V,309.0524221,0.740739931,1,309.0524221,0.740739931,1,308.6482755,0.738435414,1,308.6482755,0.738435414,1
Thymol,Cc1ccc(C(C)C)c(O)c1,19.65,323.5,Stearic Acid,CCCCCCCCCCCCCCCCCC(=O)O,61.36,343.67,316.71,0.9,Yes,Type V,314.3806429,0.820059645,1,314.3806429,0.820059645,1,314.0428579,0.816421933,1,314.0428579,0.816421933,1
trans-Cinnamic acid,O=C(O)/C=C/c1ccccc1,22.2,406.1,ChCl,C[N+](C)(C)CCO.[Cl-],4.3,578.15,366.15,0.5,No,Type III,319.3344773,0.384320759,1,409.2036139,0.994919801,1,307.0581521,0.374408248,1,409.4930143,0.996827706,1
Tricarballylic acid,O=C(O)CC(CC(=O)O)C(=O)O,,433.16,ChCl,C[N+](C)(C)CCO.[Cl-],4.3,578.15,363.15,0.3,No,Type III,,,no H data,,,no H data,,,no H data,,,no H data
Triethylene glycol,OCCOCCOCCO,18.2,263.8,[N3333]Br,CCC[N+](CCC)(CCC)CCC.[Br-],7.3,583,253.95,0.75,No,Type III,222.8346594,0.655777754,1,Zero intersection,,0,223.1242336,0.657625241,1,Zero intersection,,0
Triethylene glycol,OCCOCCOCCO,18.2,263.8,ChCl,C[N+](C)(C)CCO.[Cl-],4.3,578.15,258.77,0.857,No,Type III,232.4993065,0.532687501,1,265.0925043,0.988329908,1,231.1873067,0.524087491,1,265.5550781,0.994362649,1
Triethylene glycol,OCCOCCOCCO,18.2,263.8,Methyltriphenylphosphonium bromide,C[P+](c1ccccc1)(c1ccccc1)c1ccccc1.[Br-],,504.15,251.6,0.833333333,No,Type III,,,no H data,,,no H data,,,no H data,,,no H data
Triethylene glycol,OCCOCCOCCO,18.2,263.8,"N,N-Diethylethanolammonium chloride",CC[NH+](CC)CCO.[Cl-],,408.15,273.15,0.67,No,Type III,,,no H data,,,no H data,,,no H data,,,no H data
Urea,NC(N)=O,14.6,405.85,[N2222]Br,CC[N+](CC)(CC)CC.[Br-],13.9,633,386.15,0.666666667,No,Type III,364.7270232,0.740490885,1,342.3639096,0.688838321,1,368.918484,0.749281485,1,367.6642147,0.773583865,1
Urea,NC(N)=O,14.6,405.85,"2-(Acetoxy)-N,N,N-trimethylethanaminium chloride",CC(=O)OCC[N+](C)(C)C.[Cl-],,422.15,259.15,0.666666667,No,Type III,,,no H data,,,no H data,,,no H data,,,no H data
Urea,NC(N)=O,14.6,405.85,"2-Chloro-N,N,N-trimethylethanaminium chloride",C[N+](C)(C)CCCl.[Cl-],,515.15,288.15,0.666666667,No,Type III,,,no H data,,,no H data,,,no H data,,,no H data
Urea,NC(N)=O,14.6,405.85,Betaine,C[N+](C)(C)CC(=O)[O-],17.98,566,359.3,0.808,Yes,Type III,376.4610451,0.823231803,1,376.4610451,0.823231803,1,379.4043937,0.833031321,1,379.4043937,0.833031321,1
Urea,NC(N)=O,14.6,405.85,ChCl,C[N+](C)(C)CCO.[Cl-],4.3,578.15,284.22,0.667,Yes,Type III,285.4857207,0.46790238,1,407.1354601,0.986764385,1,293.346316,0.462204506,1,408.7695992,0.994297862,1
Urea,NC(N)=O,14.6,405.85,Sulfathiazole,Nc1ccc(S(=O)(=O)Nc2nccs2)cc1,,475.65,395,0.8,Yes,Type V,,,no H data,,,no H data,,,no H data,,,no H data
Xylitol,OC[C@H](O)[C@@H](O)[C@H](O)CO,37.4,365.7,ChCl,C[N+](C)(C)CCO.[Cl-],4.3,578.15,269.15,0.333333333,No,Type III,297.1554514,0.356049672,1,368.0096025,0.976740584,1,296.1776093,0.356136766,1,368.9490956,0.987828403,1
Xylose,O[C@H]1OC[C@@H](O)[C@H](O)[C@H]1O,31.65,423,ChCl,C[N+](C)(C)CCO.[Cl-],4.3,578.15,320.62,0.502,Yes,Type III,289.3752225,0.3316279,1,423.5994663,0.974231613,1,286.2824224,0.332472399,1,424.6346282,0.985483918,1
