Component#1,Smiles#1,Component#2,Smiles#2,mu_05#1,log10(p)_05#1,H_int_05#1,H_MF_05#1,H_HB_05#1,H_vdW_05#1,mu_05#2,log10(p)_05#2,H_int_05#2,H_MF_05#2,H_HB_05#2,H_vdW_05#2
[C2Mim]Cl,CCn1cc[n+](C)c1.[Cl-],ChCl,C[N+](C)(C)CCO.[Cl-],1.70957,-12.94494,-5.23694,7.71299,-2.72217,-10.22775,1.84356,-13.13729,-4.98213,6.77145,-2.63998,-9.11359
[C2Ohmim]Cl,C[n+]1ccn(CCO)c1.[Cl-],ChCl,C[N+](C)(C)CCO.[Cl-],0.66460,-11.57062,-6.41887,6.39134,-3.28401,-9.52620,1.79881,-13.17011,-5.44385,6.34013,-2.79867,-8.98530
[C4Mpyr]Cl,CCCC[N+]1(C)CCCC1.[Cl-],ChCl,C[N+](C)(C)CCO.[Cl-],1.79493,-11.78109,-5.12801,8.27437,-1.91314,-11.48923,1.83888,-13.14072,-4.84570,6.70681,-2.45460,-9.09791
[C4Py]Cl,CCCC[n+]1ccccc1.[Cl-],ChCl,C[N+](C)(C)CCO.[Cl-],1.07934,-14.22213,-6.84344,7.76265,-3.01617,-11.58992,1.86004,-13.12521,-5.29994,6.49089,-2.67737,-9.11346
[Ch][OAc],CC(=O)[O-].C[N+](C)(C)CCO,ChCl,C[N+](C)(C)CCO.[Cl-],0.85332,-9.64404,-5.59932,6.15049,-2.15515,-9.59465,1.75966,-13.19882,-5.24223,5.94487,-2.46073,-8.72637
[Ch][OAc],CC(=O)[O-].C[N+](C)(C)CCO,Urea,NC(N)=O,0.72660,-9.73698,-8.09973,4.99079,-3.85369,-9.23683,-1.63866,-3.35321,-7.44452,1.71945,-5.36045,-3.80351
[MeCh]Cl,COCC[N+](C)(C)C.[Cl-],ChCl,C[N+](C)(C)CCO.[Cl-],2.29340,-13.31368,-5.93186,7.89215,-3.50703,-10.31697,1.82189,-13.15318,-5.00037,6.74826,-2.73003,-9.01859
[N1111]Cl,C[N+](C)(C)C.[Cl-],[NH4]Cl,[Cl-].[NH4+],2.63527,-12.59291,-9.10654,6.15655,-6.82291,-8.44018,-4.67001,-17.44070,-13.89040,1.36939,-10.43473,-4.82507
[N2222]Cl,CC[N+](CC)(CC)CC.[Cl-],[N1111]Cl,C[N+](C)(C)C.[Cl-],3.09972,-10.95975,-2.77399,9.74263,-1.32006,-11.19656,2.93661,-12.37191,-3.36327,7.61415,-2.55353,-8.42389
[N2222]Cl,CC[N+](CC)(CC)CC.[Cl-],ChCl,C[N+](C)(C)CCO.[Cl-],3.04094,-11.00286,-3.20361,9.25637,-1.34855,-11.11143,1.78149,-13.18281,-4.37544,7.05552,-2.31736,-9.11360
[N3333]Cl,CCC[N+](CCC)(CCC)CCC.[Cl-],[N1111]Cl,C[N+](C)(C)C.[Cl-],1.39531,-11.57215,-5.74082,10.03789,-1.24995,-14.52876,2.97985,-12.34020,-3.64985,7.28952,-2.52919,-8.41018
[N3333]Cl,CCC[N+](CCC)(CCC)CCC.[Cl-],ChCl,C[N+](C)(C)CCO.[Cl-],1.33339,-11.61756,-6.06191,9.67675,-1.29342,-14.44524,1.90161,-13.09472,-4.62944,6.77487,-2.29207,-9.11224
[N4444]Br,CCCC[N+](CCCC)(CCCC)CCCC.[Br-],Malonic Acid,O=C(O)CC(=O)O,-2.56006,-13.95328,-18.40604,7.21396,-8.78369,-16.83631,-4.52536,-3.65961,-11.46602,2.20129,-8.43150,-5.23581
[N4444]Br,CCCC[N+](CCCC)(CCCC)CCCC.[Br-],Oxalic Acid,O=C(O)C(=O)O,-2.65592,-14.02358,-20.03930,7.18567,-10.36152,-16.86344,-5.25420,-4.26834,-12.30181,1.85114,-9.76702,-4.38593
[N4444]Cl,CCCC[N+](CCCC)(CCCC)CCCC.[Cl-],Arginine,NC(=[NH2+])NCCC[C@H](N)C(=O)[O-],0.25815,-12.67885,-13.22266,8.48953,-4.33036,-17.38183,-3.56600,-36.16932,-26.59899,5.90953,-22.78697,-9.72155
[N4444]Cl,CCCC[N+](CCCC)(CCCC)CCCC.[Cl-],Aspartic acid,[NH3+][C@@H](CC(=O)O)C(=O)[O-],-1.08705,-13.66538,-17.39682,7.61705,-7.80995,-17.20393,-3.58278,-19.63118,-18.51073,3.35274,-15.15600,-6.70747
[N4444]Cl,CCCC[N+](CCCC)(CCCC)CCCC.[Cl-],ChCl,C[N+](C)(C)CCO.[Cl-],-0.28850,-13.07975,-9.17551,10.02763,-1.42770,-17.77544,2.05001,-12.98588,-4.75597,6.65335,-2.30386,-9.10546
[N4444]Cl,CCCC[N+](CCCC)(CCCC)CCCC.[Cl-],Glutamic acid,[NH3+][C@@H](CCC(=O)O)C(=O)[O-],-0.98501,-13.59055,-16.65007,7.76741,-7.20700,-17.21048,-3.55086,-18.98953,-18.88599,3.92486,-15.05613,-7.75472
[N4444]Cl,CCCC[N+](CCCC)(CCCC)CCCC.[Cl-],L-Methionine,CSCC[C@H]([NH3+])C(=O)[O-],-0.71832,-13.39497,-13.65979,8.24329,-4.16933,-17.73375,-2.44006,-14.26241,-13.01496,4.31025,-8.12362,-9.20160
[N4444]Cl,CCCC[N+](CCCC)(CCCC)CCCC.[Cl-],L-Serine,[NH3+][C@@H](CO)C(=O)[O-],-0.34572,-13.12171,-15.06257,8.33083,-6.00653,-17.38686,-3.01562,-18.34472,-17.06551,3.46051,-14.58497,-5.94104
[N4444]Cl,CCCC[N+](CCCC)(CCCC)CCCC.[Cl-],L-Threonine,C[C@@H](O)[C@H]([NH3+])C(=O)[O-],-0.57593,-13.29054,-14.68399,8.18244,-5.47437,-17.39205,-2.92795,-14.50608,-15.27862,3.54807,-12.11695,-6.70974
[N4444]Cl,CCCC[N+](CCCC)(CCCC)CCCC.[Cl-],Urea,NC(N)=O,-0.74029,-13.41108,-13.04044,8.30785,-3.96803,-17.38026,-1.98352,-3.60612,-7.53265,2.17819,-5.64755,-4.06329
[N5555]Br,CCCCC[N+](CCCCC)(CCCCC)CCCCC.[Br-],Erythritol,OC[C@H](O)[C@H](O)CO,-3.88032,-14.79652,-18.26860,8.13850,-5.65802,-20.74908,-4.27279,-6.08107,-14.79738,3.13533,-11.14280,-6.78991
"1,1-Dimethylurea",CN(C)C(N)=O,ChCl,C[N+](C)(C)CCO.[Cl-],-0.86533,-1.00728,-4.32629,3.52089,-1.85686,-5.99032,1.77079,-13.19066,-5.77893,5.85350,-2.85818,-8.77425
"1,3-Dimethylurea",CNC(=O)NC,[N2222]Br,CC[N+](CC)(CC)CC.[Br-],-2.02935,-2.16328,-6.00006,3.10900,-2.84467,-6.26439,1.82859,-11.50112,-5.52628,7.71672,-1.91425,-11.32875
"1,3-Dimethylurea",CNC(=O)NC,ChCl,C[N+](C)(C)CCO.[Cl-],-1.73738,-1.94916,-6.11957,3.04432,-2.96517,-6.19872,1.69701,-13.24476,-6.64029,5.50475,-3.35662,-8.78842
"1,8-Cineole",CC12CCC(CC1)C(C)(C)O2,Ibuprofen,CC(C)Cc1ccc(C(C)C(=O)O)cc1,-5.94914,-0.48723,-9.66600,1.59535,-1.89409,-9.36725,-5.80419,-3.32143,-12.77173,2.81253,-3.45532,-12.12894
1-Methylurea,CNC(N)=O,ChCl,C[N+](C)(C)CCO.[Cl-],-1.60702,-2.47214,-6.34718,2.55265,-3.79313,-5.10670,1.61881,-13.30211,-6.94486,5.49627,-3.71098,-8.73015
"2,2,2-Trifluoroacetamide",NC(=O)C(F)(F)F,Benzyltriphenylphosphonium chloride,[Cl-].c1ccc(C[P+](c2ccccc2)(c2ccccc2)c2ccccc2)cc1,-2.31251,-0.81380,-6.56941,1.66453,-3.55850,-4.67544,-3.13828,-19.05167,-15.54827,7.39594,-4.17045,-18.77376
"2,2,2-Trifluoroacetamide",NC(=O)C(F)(F)F,ChCl,C[N+](C)(C)CCO.[Cl-],-1.85515,-0.47838,-5.52334,1.83866,-2.82116,-4.54084,1.29526,-13.53940,-7.80452,4.64877,-4.17595,-8.27733
"2,2,2-Trifluoroacetamide",NC(=O)C(F)(F)F,Ethylammonium chloride,CC[NH3+].[Cl-],-1.01567,0.13727,-5.67046,1.74144,-2.84340,-4.56850,-1.50186,-12.29067,-12.98481,2.38465,-9.03962,-6.32984
"2,2,2-Trifluoroacetamide",NC(=O)C(F)(F)F,Methyltriphenylphosphonium bromide,C[P+](c1ccccc1)(c1ccccc1)c1ccccc1.[Br-],-1.79247,-0.43241,-5.93524,1.66289,-2.96948,-4.62865,-2.56623,-20.29430,-14.28258,6.78081,-4.23818,-16.82521
"2,3-Xylenol",Cc1cccc(O)c1C,ChCl,C[N+](C)(C)CCO.[Cl-],-4.68573,-0.91136,-8.40866,2.75276,-3.13599,-8.02543,1.55586,-13.34828,-8.94800,4.79220,-4.87603,-8.86417
"2,4,6-Trimethylphenol",Cc1cc(C)c(O)c(C)c1,ChCl,C[N+](C)(C)CCO.[Cl-],-4.51795,-0.45945,-7.69762,3.15172,-1.83451,-9.01483,1.83287,-13.14513,-7.49203,5.03217,-3.64590,-8.87830
"3,4-Dimethylphenol",Cc1ccc(O)cc1C,ChCl,C[N+](C)(C)CCO.[Cl-],-4.53340,-1.12593,-8.43173,2.90051,-3.23959,-8.09265,1.56998,-13.33793,-8.87472,4.85608,-4.88258,-8.84822
4-Hydroxybenzoic acid,O=C(O)c1ccc(O)cc1,ChCl,C[N+](C)(C)CCO.[Cl-],-5.34443,-4.69760,-12.37168,2.51149,-7.47938,-7.40380,0.81556,-13.89120,-12.55723,4.23783,-8.19679,-8.59827
5-Phenylvaleric Acid,O=C(O)CCCCc1ccccc1,ChCl,C[N+](C)(C)CCO.[Cl-],-4.78319,-3.01791,-10.16102,4.29620,-3.42521,-11.03201,1.76315,-13.19626,-8.49539,5.01164,-4.75682,-8.75021
Acetamide,CC(N)=O,ChCl,C[N+](C)(C)CCO.[Cl-],-1.03513,-0.81532,-4.39456,2.53685,-2.47096,-4.46045,1.71505,-13.23154,-6.17906,5.84628,-3.26176,-8.76359
Acetamide,CC(N)=O,Ethylammonium chloride,CC[NH3+].[Cl-],-0.82535,-0.66147,-5.75098,2.16255,-3.39994,-4.51359,-1.33628,-12.16923,-11.58874,3.11668,-8.02865,-6.67677
Acetic acid,CC(=O)O,[N4444]Br,CCCC[N+](CCCC)(CCCC)CCCC.[Br-],-2.94966,0.60039,-5.86878,2.01377,-3.69157,-4.19098,-1.79088,-13.38917,-13.18094,8.50124,-4.43518,-17.24700
Acetic acid,CC(=O)O,Betaine monohydrate,C[N+](C)(C)CC(=O)[O-].O,-3.70312,0.04782,-7.10037,2.23901,-5.40774,-3.93165,3.06252,-10.25156,-8.21545,5.76870,-7.27517,-6.70898
Acetylsalicylic Acid,CC(=O)Oc1ccccc1C(=O)O,ChCl,C[N+](C)(C)CCO.[Cl-],-4.14591,-3.47733,-9.33168,3.62601,-3.77296,-9.18474,1.50928,-13.38245,-8.93397,4.81391,-5.11400,-8.63388
Adiphenine,CCN(CC)CCOC(=O)C(c1ccccc1)c1ccccc1,Acetylsalicylic Acid,CC(=O)Oc1ccccc1C(=O)O,-7.50624,-6.15539,-14.05600,4.49768,-1.46841,-17.08527,-3.21613,-2.79546,-9.04792,2.86660,-2.82466,-9.08985
Adiphenine,CCN(CC)CCOC(=O)C(c1ccccc1)c1ccccc1,Urea,NC(N)=O,-6.66953,-5.54177,-12.84179,4.80534,-0.49973,-17.14740,-0.16045,-2.26913,-6.89885,1.80202,-4.82486,-3.87602
Adipic Acid,O=C(O)CCCCC(=O)O,[N2222]Br,CC[N+](CC)(CC)CC.[Br-],-4.51536,-4.13985,-11.26883,3.81867,-6.93679,-8.15070,1.16782,-11.98571,-10.50999,6.80421,-6.34568,-10.96852
Adipic Acid,O=C(O)CCCCC(=O)O,[N3333]Br,CCC[N+](CCC)(CCC)CCC.[Br-],-4.57378,-4.18269,-11.50575,3.74080,-7.04261,-8.20394,-0.28817,-13.32909,-13.10091,7.78766,-6.57172,-14.31685
Adipic Acid,O=C(O)CCCCC(=O)O,ChCl,C[N+](C)(C)CCO.[Cl-],-3.91929,-3.70271,-11.35608,3.70835,-7.06694,-7.99749,1.12744,-13.66248,-11.08468,4.77247,-7.36717,-8.48998
Arabinose,O[C@H]1CO[C@H](O)[C@H](O)[C@H]1O,ChCl,C[N+](C)(C)CCO.[Cl-],-4.16336,-5.42772,-12.79729,3.09467,-9.03167,-6.86029,1.26806,-13.55935,-10.12408,4.87526,-6.48819,-8.51115
Benzamide,NC(=O)c1ccccc1,ChCl,C[N+](C)(C)CCO.[Cl-],-2.42180,-2.87272,-6.68433,3.19091,-2.27059,-7.60466,1.59330,-13.32083,-6.86791,5.10824,-3.17928,-8.79686
Benzoic Acid,O=C(O)c1ccccc1,Betaine,C[N+](C)(C)CC(=O)[O-],-5.44385,-2.29089,-9.77027,2.75979,-5.45763,-7.07242,2.98128,-10.31114,-8.97314,5.12665,-7.29385,-6.80594
Benzoic Acid,O=C(O)c1ccccc1,ChCl,C[N+](C)(C)CCO.[Cl-],-4.24099,-1.40874,-8.17800,2.69314,-3.61642,-7.25472,1.51666,-13.37703,-9.03241,4.87258,-5.16614,-8.73884
Benzyldimethyl-2-hydroxyethyl-ammonium chloride,C[N+](C)(CCO)Cc1ccccc1.[Cl-],ChCl,C[N+](C)(C)CCO.[Cl-],0.47971,-14.18879,-7.27155,7.63105,-2.39631,-12.50629,1.77991,-13.18397,-5.43501,5.99973,-2.43474,-9.00000
Caffeic acid,O=C(O)/C=C/c1ccc(O)c(O)c1,ChCl,C[N+](C)(C)CCO.[Cl-],-6.01967,-7.13394,-15.57412,3.11110,-9.46731,-9.21792,0.55275,-14.08394,-13.64421,4.02228,-9.14207,-8.52443
Capric Acid,CCCCCCCCCC(=O)O,[N1111]Cl,C[N+](C)(C)C.[Cl-],-6.86080,-2.29042,-12.41644,3.75948,-4.08080,-12.09512,2.99331,-12.33033,-8.41817,5.57826,-5.90912,-8.08732
Capric Acid,CCCCCCCCCC(=O)O,[N2222]Cl,CC[N+](CC)(CC)CC.[Cl-],-7.62038,-2.84748,-12.38524,3.78285,-4.03339,-12.13470,2.88616,-11.11637,-7.81203,7.44622,-4.36246,-10.89579
Capric Acid,CCCCCCCCCC(=O)O,[N3333]Cl,CCC[N+](CCC)(CCC)CCC.[Cl-],-7.90970,-3.05966,-12.74234,3.58770,-4.17258,-12.15746,1.07401,-11.80778,-10.52782,8.14169,-4.44986,-14.21965
Capric Acid,CCCCCCCCCC(=O)O,[N4444]Cl,CCCC[N+](CCCC)(CCCC)CCCC.[Cl-],-8.12705,-3.21905,-13.35862,3.41970,-4.60479,-12.17354,-0.68154,-13.36799,-13.92730,8.60176,-4.99413,-17.53493
Capric Acid,CCCCCCCCCC(=O)O,ChCl,C[N+](C)(C)CCO.[Cl-],-6.24808,-1.84107,-11.70593,3.80969,-3.48131,-12.03431,2.09498,-12.95290,-8.46590,5.15831,-4.86003,-8.76418
Capric Acid,CCCCCCCCCC(=O)O,Lauric Acid,CCCCCCCCCCCC(=O)O,-6.18592,-1.79548,-13.10702,2.22121,-3.50509,-11.82314,-7.35032,-2.69372,-14.88057,2.42224,-3.53235,-13.77047
Capric Acid,CCCCCCCCCC(=O)O,Lidocaine,CCN(CC)CC(=O)Nc1c(C)cccc1C,-7.31915,-2.62656,-14.76930,2.76859,-5.65828,-11.87961,-5.21008,-6.39047,-16.21303,3.78699,-6.41727,-13.58274
Capric Acid,CCCCCCCCCC(=O)O,Menthol,CC(C)[C@@H]1CC[C@@H](C)C[C@H]1O,-6.24413,-1.83817,-13.39704,2.20490,-3.69683,-11.90510,-6.29730,-1.13235,-11.39767,1.56598,-2.84443,-10.11923
Capric Acid,CCCCCCCCCC(=O)O,Myristic Acid,CCCCCCCCCCCCCC(=O)O,-6.18103,-1.79190,-13.15104,2.17897,-3.47813,-11.85189,-8.51441,-3.62086,-16.61527,2.57298,-3.41751,-15.77074
Capric Acid,CCCCCCCCCC(=O)O,Palmitic Acid,CCCCCCCCCCCCCCCC(=O)O,-6.17426,-1.78693,-13.18808,2.14285,-3.45375,-11.87718,-9.71309,-4.55958,-18.47005,2.70506,-3.38246,-17.79264
Capric Acid,CCCCCCCCCC(=O)O,Stearic Acid,CCCCCCCCCCCCCCCCCC(=O)O,-6.16662,-1.78133,-13.20997,2.11356,-3.42295,-11.90058,-10.92570,-5.49203,-20.40774,2.81362,-3.42425,-19.79712
Capric Acid,CCCCCCCCCC(=O)O,Thymol,Cc1ccc(C(C)C)c(O)c1,-6.28286,-1.86657,-13.34362,2.28012,-3.77257,-11.85117,-4.71304,-0.98097,-9.06977,2.15295,-1.60498,-9.61774
Caprylic Acid,CCCCCCCC(=O)O,Capric Acid,CCCCCCCCCC(=O)O,-4.93856,-0.82626,-11.08047,2.12875,-3.43022,-9.77900,-6.18478,-1.79465,-12.99586,2.33032,-3.56632,-11.75985
Caprylic Acid,CCCCCCCC(=O)O,Menthol,CC(C)[C@@H]1CC[C@@H](C)C[C@H]1O,-4.99041,-0.86428,-11.41754,2.08454,-3.61691,-9.88517,-6.28902,-1.12628,-11.34638,1.62977,-2.87372,-10.10242
Caprylic Acid,CCCCCCCC(=O)O,Thymol,Cc1ccc(C(C)C)c(O)c1,-5.03500,-0.89699,-11.35255,2.14270,-3.65252,-9.84273,-4.70689,-0.97646,-8.97925,2.22003,-1.59344,-9.60584
ChCl,C[N+](C)(C)CCO.[Cl-],[N1111]Cl,C[N+](C)(C)C.[Cl-],1.79442,-13.17333,-4.41200,7.34967,-2.67100,-9.09067,2.95633,-12.35745,-3.83268,7.35093,-2.86726,-8.31635
ChCl,C[N+](C)(C)CCO.[Cl-],[NH4]Cl,[Cl-].[NH4+],1.99694,-13.02480,-8.72170,5.75669,-5.37087,-9.10752,-4.00650,-16.95410,-13.45445,1.31677,-9.97920,-4.79201
Citric Acid,O=C(O)CC(O)(CC(=O)O)C(=O)O,ChCl,C[N+](C)(C)CCO.[Cl-],-6.24105,-11.58023,-22.61611,3.28976,-18.58433,-7.32154,0.70425,-13.97283,-13.18283,4.35615,-9.28714,-8.25184
Cyclohexanecarboxylic Acid,O=C(O)C1CCCCC1,Menthol,CC(C)[C@@H]1CC[C@@H](C)C[C@H]1O,-3.88946,-0.61843,-9.37528,1.74210,-3.57160,-7.54579,-6.27098,-1.11305,-11.31805,1.65276,-2.89912,-10.07169
Cyclohexylpropionic Acid,O=C(O)CCC1CCCCC1,Menthol,CC(C)[C@@H]1CC[C@@H](C)C[C@H]1O,-4.85312,-1.51926,-11.05666,1.99709,-3.61785,-9.43591,-6.28205,-1.12117,-11.34565,1.62680,-2.87103,-10.10143
DL-camphor,CC12CCC(CC1=O)C2(C)C,Betaine,C[N+](C)(C)CC(=O)[O-],-3.08451,3.1E-04,-5.30638,3.72765,-0.15243,-8.88160,3.70547,-9.78004,-3.09768,6.32785,-2.60075,-6.82477
DL-camphor,CC12CCC(CC1=O)C2(C)C,ChCl,C[N+](C)(C)CCO.[Cl-],-3.00803,0.05640,-5.35085,3.81598,-0.17198,-8.99485,2.14351,-12.91731,-5.17565,5.78261,-2.11533,-8.84292
D-Mannitol,OC[C@@H](O)[C@@H](O)[C@H](O)[C@H](O)CO,ChCl,C[N+](C)(C)CCO.[Cl-],-4.92259,-10.47442,-18.31427,3.73090,-13.73086,-8.31431,1.27600,-13.55352,-10.53458,4.78606,-6.86890,-8.45174
Erythritol,OC[C@H](O)[C@H](O)CO,[N3333]Br,CCC[N+](CCC)(CCC)CCC.[Br-],-4.65706,-6.36289,-14.58687,3.22291,-11.04282,-6.76695,0.16227,-12.99875,-11.93585,8.02402,-5.50359,-14.45627
Erythritol,OC[C@H](O)[C@H](O)CO,ChCl,C[N+](C)(C)CCO.[Cl-],-4.50311,-6.24998,-14.73533,3.13234,-11.22870,-6.63897,1.49625,-13.39200,-9.83172,5.13952,-6.38600,-8.58524
Ethylammonium chloride,CC[NH3+].[Cl-],Urea,NC(N)=O,-1.57744,-12.34609,-12.65579,2.78419,-8.87461,-6.56537,-1.60519,-3.32866,-8.57692,1.52011,-6.10576,-3.99128
Ethylene Glycol,OCCO,[Ch][OAc],CC(=O)[O-].C[N+](C)(C)CCO,-3.66849,-0.88872,-9.64361,1.83184,-7.16296,-4.31250,0.46436,-9.92929,-10.77998,4.77003,-6.33499,-9.21502
Ethylene Glycol,OCCO,[N3333]Br,CCC[N+](CCC)(CCC)CCC.[Br-],-3.88229,-1.04552,-8.66469,2.01187,-6.07455,-4.60200,0.15583,-13.00347,-10.98950,8.28833,-4.63524,-14.64258
Ethylene Glycol,OCCO,[N3333]Cl,CCC[N+](CCC)(CCC)CCC.[Cl-],-4.55701,-1.54034,-9.17678,2.15362,-6.71762,-4.61278,0.85361,-11.96942,-11.74417,8.32377,-5.89084,-14.17710
Ethylene Glycol,OCCO,[N4444]Br,CCCC[N+](CCCC)(CCCC)CCCC.[Br-],-3.77140,-0.96419,-8.75204,1.97385,-6.12824,-4.59765,-1.80644,-13.40059,-14.35176,8.08987,-5.16541,-17.27621
Ethylene Glycol,OCCO,[N4444]Cl,CCCC[N+](CCCC)(CCCC)CCCC.[Cl-],-4.61941,-1.58610,-9.55981,2.13824,-7.07621,-4.62183,-0.89354,-13.52347,-15.36022,8.62993,-6.49509,-17.49506
Ethylene Glycol,OCCO,Benzyltriphenylphosphonium chloride,[Cl-].c1ccc(C[P+](c2ccccc2)(c2ccccc2)c2ccccc2)cc1,-3.93254,-1.08237,-9.74340,1.93684,-7.08547,-4.59477,-3.15173,-19.06153,-17.87256,7.92498,-6.46410,-19.33343
Ethylene Glycol,OCCO,ChCl,C[N+](C)(C)CCO.[Cl-],-3.59405,-0.83413,-8.69707,2.01486,-6.19110,-4.52083,1.50202,-13.38777,-9.16641,5.26811,-5.72587,-8.70864
Ethylene Glycol,OCCO,Methyltriphenylphosphonium bromide,C[P+](c1ccccc1)(c1ccccc1)c1ccccc1.[Br-],-3.47935,-0.75001,-9.10222,1.78139,-6.31823,-4.56539,-2.47062,-20.22418,-16.12714,7.18863,-5.92810,-17.38767
Ethylene Glycol,OCCO,"N,N-Diethylethanolammonium chloride",CC[NH+](CC)CCO.[Cl-],-3.12596,-0.49084,-8.74850,1.80131,-6.08826,-4.46155,-0.02255,-6.98473,-7.52686,4.69266,-2.94635,-9.27317
Fructose,OC[C@@]1(O)OC[C@@H](O)[C@@H](O)[C@@H]1O,ChCl,C[N+](C)(C)CCO.[Cl-],-4.73569,-7.31241,-15.68741,3.43068,-11.25988,-7.85821,1.24283,-13.57785,-10.33606,4.75780,-6.61113,-8.48273
Furfuryl alcohol,OCc1ccco1,ChCl,C[N+](C)(C)CCO.[Cl-],-2.70698,-0.90576,-6.41376,2.80252,-2.94162,-6.27467,1.56362,-13.34259,-7.61064,5.18226,-4.02576,-8.76714
Gallic acid,O=C(O)c1cc(O)c(O)c(O)c1,ChCl,C[N+](C)(C)CCO.[Cl-],-6.32055,-7.95234,-18.15795,2.43216,-12.99867,-7.59145,-0.38083,-14.76860,-16.62937,3.60831,-11.85481,-8.38287
Glucose,OC[C@H]1O[C@H](O)[C@H](O)[C@@H](O)[C@@H]1O,ChCl,C[N+](C)(C)CCO.[Cl-],-5.73646,-8.19753,-18.48498,3.08472,-13.56347,-8.00624,0.89530,-13.83272,-12.01859,4.38041,-7.96445,-8.43455
Glutamic acid,[NH3+][C@@H](CCC(=O)O)C(=O)[O-],ChCl,C[N+](C)(C)CCO.[Cl-],-3.62804,-19.04613,-19.22294,3.38514,-15.01628,-7.59180,1.54672,-13.35499,-9.02158,4.98263,-5.48541,-8.51879
Glutaric Acid,O=C(O)CCCC(=O)O,[N2222]Br,CC[N+](CC)(CC)CC.[Br-],-4.30176,-3.99816,-10.80099,3.35345,-6.98923,-7.16521,1.12428,-12.01764,-10.65292,6.78244,-6.48290,-10.95246
Glutaric Acid,O=C(O)CCCC(=O)O,ChCl,C[N+](C)(C)CCO.[Cl-],-3.74615,-3.59069,-10.88232,3.23261,-7.10413,-7.01079,1.03855,-13.72766,-11.25197,4.71783,-7.49988,-8.46992
Glycerol,OCC(O)CO,[Ch][OAc],CC(=O)[O-].C[N+](C)(C)CCO,-3.49798,-3.85465,-11.73354,2.68475,-9.04409,-5.37420,0.57710,-9.84662,-10.39172,4.96549,-6.19785,-9.15936
Glycerol,OCC(O)CO,[N3333]Br,CCC[N+](CCC)(CCC)CCC.[Br-],-3.59342,-3.92465,-10.76635,3.01900,-8.05988,-5.72547,0.27646,-12.91501,-10.54933,8.45410,-4.46613,-14.53730
Glycerol,OCC(O)CO,[N4444]Br,CCCC[N+](CCCC)(CCCC)CCCC.[Br-],-3.47287,-3.83624,-10.92012,2.93680,-8.12910,-5.72782,-1.67705,-13.30570,-13.88613,8.27562,-4.98249,-17.17926
Glycerol,OCC(O)CO,[N4444]Cl,CCCC[N+](CCCC)(CCCC)CCCC.[Cl-],-4.18327,-4.35723,-11.26545,3.20364,-8.71136,-5.75773,-0.86128,-13.49981,-15.24157,8.76791,-6.61156,-17.39792
Glycerol,OCC(O)CO,Benzyltriphenylphosphonium chloride,[Cl-].c1ccc(C[P+](c2ccccc2)(c2ccccc2)c2ccccc2)cc1,-3.57169,-3.90871,-11.67275,2.84111,-8.81468,-5.69918,-3.04849,-18.98582,-17.51133,8.13194,-6.45387,-19.18940
Glycerol,OCC(O)CO,Betaine monohydrate,C[N+](C)(C)CC(=O)[O-].O,-4.25199,-4.40763,-11.62425,3.28225,-9.51626,-5.39023,2.84632,-10.41012,-9.47530,5.63920,-8.38795,-6.72655
Glycerol,OCC(O)CO,ChCl,C[N+](C)(C)CCO.[Cl-],-3.42449,-3.80076,-10.83187,2.98720,-8.20260,-5.61647,1.63674,-13.28897,-8.70180,5.48954,-5.55441,-8.63693
Glycerol,OCC(O)CO,Methyltriphenylphosphonium bromide,C[P+](c1ccccc1)(c1ccccc1)c1ccccc1.[Br-],-3.24385,-3.66829,-11.30621,2.60830,-8.24734,-5.66717,-2.34035,-20.12865,-15.65488,7.38019,-5.79529,-17.23978
Glycerol,OCC(O)CO,"N,N-Diethylethanolammonium chloride",CC[NH+](CC)CCO.[Cl-],-3.08877,-3.55455,-11.36599,2.64626,-8.46165,-5.55060,0.14848,-6.85930,-6.97297,4.88756,-2.65353,-9.20700
Glycerol,OCC(O)CO,Phenformin,NC(N)=NC(N)=NCCc1ccccc1,-3.09239,-3.55721,-12.76169,2.01220,-9.42141,-5.35247,-2.52472,-4.83295,-10.92900,3.93211,-4.23836,-10.62274
Glycerol,OCC(O)CO,Ranitidine,CN/C(=C\[N+](=O)[O-])NCCSCc1ccc(CN(C)C)o1,-2.82667,-3.36233,-11.69925,2.35441,-8.61381,-5.43985,-3.05710,-11.93040,-14.40891,6.66419,-4.03801,-17.03510
Glycerol,OCC(O)CO,Tetracycline,CN(C)[C@@H]1C(=O)C(C(N)=O)=C(O)[C@@]2(O)C(=O)C3=C(O)c4c(O)cccc4[C@@](C)(O)[C@H]3C[C@@H]12,-2.76948,-3.32039,-12.40219,2.07214,-9.27983,-5.19449,-4.24287,-12.79809,-17.00546,5.53689,-6.32284,-16.21951
Glycerol,OCC(O)CO,Ticlopidine,Clc1ccccc1CN1CCc2sccc2C1,-2.34441,-3.00866,-13.28247,2.08816,-9.72772,-5.64291,-6.96984,-4.16401,-11.28798,3.35327,-0.16389,-14.47735
Glycolic Acid,O=C(O)CO,Betaine,C[N+](C)(C)CC(=O)[O-],-5.16570,-4.76425,-12.46629,2.33007,-10.68372,-4.11264,2.44116,-10.70725,-11.85455,5.30973,-10.50464,-6.65964
Glycolic Acid,O=C(O)CO,ChCl,C[N+](C)(C)CCO.[Cl-],-3.88111,-3.82216,-10.81684,2.07531,-8.53996,-4.35219,1.36259,-13.49002,-10.25699,5.22397,-6.92806,-8.55290
Hexadecan-1-ol,CCCCCCCCCCCCCCCCO,[N1111]Cl,C[N+](C)(C)C.[Cl-],-10.17764,-3.89409,-17.09067,4.17845,-2.86542,-18.40370,3.73485,-11.78651,-6.74824,5.84042,-4.40596,-8.18270
Hexadecan-1-ol,CCCCCCCCCCCCCCCCO,[N4444]Cl,CCCC[N+](CCCC)(CCCC)CCCC.[Cl-],-11.38502,-4.77955,-17.65263,3.84147,-3.06594,-18.42817,-0.38426,-13.14998,-12.41464,8.51241,-3.22526,-17.70179
Hexadecan-1-ol,CCCCCCCCCCCCCCCCO,ChCl,C[N+](C)(C)CCO.[Cl-],-9.84157,-3.64763,-16.63356,4.30585,-2.59818,-18.34123,2.90116,-12.36167,-6.96736,5.46627,-3.54104,-8.89259
Hexanoic acid,CCCCCC(=O)O,Lidocaine,CCN(CC)CC(=O)Nc1c(C)cccc1C,-5.01987,-0.81807,-11.19840,2.31335,-5.62434,-7.88742,-5.23770,-6.41073,-16.01604,3.96024,-6.42895,-13.54733
Hydroquinone ,Oc1ccc(O)cc1,ChCl,C[N+](C)(C)CCO.[Cl-],-4.78814,-3.66062,-11.00747,2.24638,-6.65933,-6.59452,0.82558,-13.88385,-11.97336,4.28040,-7.56227,-8.69149
Ibuprofen,CC(C)Cc1ccc(C(C)C(=O)O)cc1,ChCl,C[N+](C)(C)CCO.[Cl-],-6.00427,-3.46816,-11.60909,4.17652,-3.51653,-12.26908,1.91737,-13.08316,-8.66748,5.00143,-4.88669,-8.78222
Imidazole,c1c[nH]cn1,[N4444]Br,CCCC[N+](CCCC)(CCCC)CCCC.[Br-],-1.86753,-1.77076,-5.47691,2.22700,-2.91733,-4.78659,-1.63322,-13.27355,-11.47007,8.35509,-2.48424,-17.34091
Imidazole,c1c[nH]cn1,ChCl,C[N+](C)(C)CCO.[Cl-],-1.84953,-1.75756,-5.41551,2.24128,-2.87307,-4.78372,1.63036,-13.29365,-6.71757,5.41304,-3.32892,-8.80170
Itaconic acid,C=C(CC(=O)O)C(=O)O,ChCl,C[N+](C)(C)CCO.[Cl-],-4.20115,-3.99998,-11.35422,2.74175,-7.49459,-6.60138,0.86576,-13.85439,-12.04985,4.51599,-8.08971,-8.47613
Ketoprofen,CC(C(=O)O)c1cccc(C(=O)c2ccccc2)c1,ChCl,C[N+](C)(C)CCO.[Cl-],-5.26350,-6.51373,-12.00199,4.97945,-3.77300,-13.20845,1.70884,-13.23609,-8.66187,4.86520,-4.83576,-8.69130
Lactic Acid,CC(O)C(=O)O,Alanine,CC([NH3+])C(=O)[O-],-3.11446,-1.14764,-10.74492,2.02231,-7.85377,-4.91346,-1.88653,-13.66577,-17.25261,2.07147,-14.06688,-5.25720
Lactic Acid,CC(O)C(=O)O,Benzyltripropylammonium chloride,CCC[N+](CCC)(CCC)Cc1ccccc1.[Cl-],-5.16295,-2.64995,-11.05950,2.23691,-7.90586,-5.39055,-1.14485,-14.44946,-16.61663,7.44149,-8.26837,-15.78975
Lactic Acid,CC(O)C(=O)O,Betaine,C[N+](C)(C)CC(=O)[O-],-5.24149,-2.70755,-11.37692,2.44137,-8.82194,-4.99635,2.46013,-10.69334,-11.50181,5.02678,-9.85467,-6.67391
Lactic Acid,CC(O)C(=O)O,ChCl,C[N+](C)(C)CCO.[Cl-],-3.84520,-1.68354,-9.25473,2.27613,-6.30022,-5.23063,1.22378,-13.59182,-10.50393,4.90328,-6.82834,-8.57887
Lauric Acid,CCCCCCCCCCCC(=O)O,[N1111]Cl,C[N+](C)(C)C.[Cl-],-7.89080,-3.09010,-14.04067,4.05147,-4.00474,-14.08740,3.16931,-12.20125,-8.31183,5.58789,-5.80656,-8.09316
Lauric Acid,CCCCCCCCCCCC(=O)O,[N2222]Cl,CC[N+](CC)(CC)CC.[Cl-],-8.66503,-3.65790,-13.98865,4.09411,-3.95698,-14.12578,2.96409,-11.05922,-7.81309,7.37029,-4.27731,-10.90607
Lauric Acid,CCCCCCCCCCCC(=O)O,[N3333]Cl,CCC[N+](CCC)(CCC)CCC.[Cl-],-8.97204,-3.88305,-14.35473,3.88723,-4.09352,-14.14845,1.12002,-11.77404,-10.55175,8.04459,-4.36342,-14.23292
Lauric Acid,CCCCCCCCCCCC(=O)O,ChCl,C[N+](C)(C)CCO.[Cl-],-7.29164,-2.65069,-13.32081,4.12395,-3.42006,-14.02470,2.28880,-12.81076,-8.35084,5.19600,-4.76857,-8.77826
Lauric Acid,CCCCCCCCCCCC(=O)O,Ibuprofen,CC(C)Cc1ccc(C(C)C(=O)O)cc1,-7.32316,-2.67380,-14.73239,2.55436,-3.52879,-13.75796,-5.63205,-3.19519,-12.63235,2.69791,-3.29583,-12.03443
Lauric Acid,CCCCCCCCCCCC(=O)O,Lidocaine,CCN(CC)CC(=O)Nc1c(C)cccc1C,-8.43979,-3.49271,-16.46434,2.97951,-5.58818,-13.85567,-5.16253,-6.35560,-16.21325,3.73819,-6.35447,-13.59697
Lauric Acid,CCCCCCCCCCCC(=O)O,Myristic Acid,CCCCCCCCCCCCCC(=O)O,-7.35076,-2.69405,-14.97331,2.33147,-3.47126,-13.83351,-8.51880,-3.62407,-16.66176,2.52596,-3.38302,-15.80470
Lauric Acid,CCCCCCCCCCCC(=O)O,Palmitic Acid,CCCCCCCCCCCCCCCC(=O)O,-7.34736,-2.69155,-15.01540,2.29182,-3.44816,-13.85906,-9.71931,-4.56415,-18.51848,2.65697,-3.34933,-17.82612
Lauric Acid,CCCCCCCCCCCC(=O)O,Stearic Acid,CCCCCCCCCCCCCCCCCC(=O)O,-7.34236,-2.68789,-15.04069,2.25907,-3.41676,-13.88300,-10.93272,-5.49718,-20.45546,2.76536,-3.39098,-19.82984
Lauric Acid,CCCCCCCCCCCC(=O)O,Thymol,Cc1ccc(C(C)C)c(O)c1,-7.44555,-2.76356,-15.15547,2.44568,-3.76874,-13.83241,-4.71435,-0.98193,-9.12336,2.11332,-1.60143,-9.63524
Levulinic acid,CC(=O)CCC(=O)O,ChCl,C[N+](C)(C)CCO.[Cl-],-2.15350,-2.90044,-7.02157,3.63645,-4.07138,-6.58664,1.52541,-13.37061,-8.20050,5.37174,-4.97420,-8.59804
Lidocaine,CCN(CC)CC(=O)Nc1c(C)cccc1C,DL-camphor,CC12CCC(CC1=O)C2(C)C,-4.41340,-5.80621,-11.33955,4.77497,-2.49985,-13.61467,-3.73133,-0.47405,-6.16772,2.83273,-0.10112,-8.89932
Lidocaine,CCN(CC)CC(=O)Nc1c(C)cccc1C,Ibuprofen,CC(C)Cc1ccc(C(C)C(=O)O)cc1,-5.32108,-6.47188,-16.33340,3.83272,-6.54912,-13.61700,-6.96138,-4.17008,-14.74754,3.16248,-5.77453,-12.13549
Lidocaine,CCN(CC)CC(=O)Nc1c(C)cccc1C,Stearic Acid,CCCCCCCCCCCCCCCCCC(=O)O,-5.06412,-6.28343,-16.31566,3.59698,-6.28209,-13.63055,-11.98099,-6.26595,-21.91546,3.47631,-5.52312,-19.86865
Lidocaine,CCN(CC)CC(=O)Nc1c(C)cccc1C,Tetracaine,CCCCNc1ccc(C(=O)OCCN(C)C)cc1,-4.46140,-5.84141,-12.04114,4.31735,-2.72047,-13.63801,-6.61941,-6.10223,-12.81172,4.48916,-1.11427,-16.18662
Limonene,C=C(C)[C@@H]1CC=C(C)CC1,Capric Acid,CCCCCCCCCC(=O)O,-6.14381,0.62954,-8.21064,1.44419,-0.00250,-9.65232,-6.10451,-1.73578,-12.95699,2.22114,-3.23074,-11.94739
Limonene,C=C(C)[C@@H]1CC=C(C)CC1,Myristic Acid,CCCCCCCCCCCCCC(=O)O,-6.18998,0.59568,-8.32643,1.35451,-0.00231,-9.67863,-8.46902,-3.58756,-16.53183,2.49507,-3.08413,-15.94276
Linoleic acid,CCCCC/C=C\C/C=C\CCCCCCCC(=O)O,Lidocaine,CCN(CC)CC(=O)Nc1c(C)cccc1C,-9.81547,-5.34505,-19.08773,3.78542,-5.51018,-17.36297,-5.16752,-6.35927,-16.18938,3.72992,-6.29630,-13.62300
Malic Acid,O=C(O)CC(O)C(=O)O,Alanine,CC([NH3+])C(=O)[O-],-3.98281,-6.19829,-17.92051,2.37436,-14.76856,-5.52630,-2.68109,-14.24848,-19.31515,1.95330,-16.13552,-5.13294
Malic Acid,O=C(O)CC(O)C(=O)O,Betaine,C[N+](C)(C)CC(=O)[O-],-6.50438,-8.04755,-18.97206,2.73943,-15.99621,-5.71528,0.89607,-11.84038,-16.68593,4.21576,-14.36419,-6.53751
Malic Acid,O=C(O)CC(O)C(=O)O,ChCl,C[N+](C)(C)CCO.[Cl-],-4.97785,-6.92803,-16.00639,2.54069,-12.48912,-6.05796,0.51331,-14.11286,-13.71425,4.37247,-9.74616,-8.34055
Malonic Acid,O=C(O)CC(=O)O,ChCl,C[N+](C)(C)CCO.[Cl-],-4.13921,-3.37642,-11.19099,2.01151,-8.20215,-5.00035,0.61961,-14.03491,-12.93385,4.38550,-8.94807,-8.37128
Mannose,OC[C@H]1O[C@H](O)[C@@H](O)[C@@H](O)[C@@H]1O,ChCl,C[N+](C)(C)CCO.[Cl-],-6.17610,-9.47901,-20.61340,3.10525,-15.75518,-7.96347,0.95423,-13.78950,-12.13341,4.45439,-8.13635,-8.45144
Menthol,CC(C)[C@@H]1CC[C@@H](C)C[C@H]1O,Betaine,C[N+](C)(C)CC(=O)[O-],-6.07911,-0.97233,-9.85596,3.00693,-2.69516,-10.16774,3.63762,-9.82980,-5.93974,5.62415,-4.65986,-6.90403
Menthol,CC(C)[C@@H]1CC[C@@H](C)C[C@H]1O,ChCl,C[N+](C)(C)CCO.[Cl-],-5.49898,-0.54688,-9.18638,3.10104,-1.97086,-10.31656,2.16621,-12.90067,-7.00958,5.29622,-3.41426,-8.89155
Menthol,CC(C)[C@@H]1CC[C@@H](C)C[C@H]1O,Hexadecan-1-ol,CCCCCCCCCCCCCCCCO,-6.20921,-1.06774,-11.30960,1.41021,-2.45614,-10.26366,-10.81492,-4.36145,-19.73177,2.04951,-3.55227,-18.22902
Menthol,CC(C)[C@@H]1CC[C@@H](C)C[C@H]1O,Hydroquinone ,Oc1ccc(O)cc1,-6.32475,-1.15248,-11.44366,1.95195,-3.37119,-10.02442,-2.12676,-1.70883,-9.79083,2.20483,-5.63958,-6.35609
Menthol,CC(C)[C@@H]1CC[C@@H](C)C[C@H]1O,Ibuprofen,CC(C)Cc1ccc(C(C)C(=O)O)cc1,-6.28064,-1.12013,-11.26817,1.69784,-2.86776,-10.09825,-5.70702,-3.25017,-12.98736,2.69356,-3.56566,-12.11525
Menthol,CC(C)[C@@H]1CC[C@@H](C)C[C@H]1O,Lauric Acid,CCCCCCCCCCCC(=O)O,-6.29867,-1.13336,-11.41541,1.52889,-2.80282,-10.14149,-7.41013,-2.73759,-15.20237,2.35251,-3.65924,-13.89564
Menthol,CC(C)[C@@H]1CC[C@@H](C)C[C@H]1O,Myristic Acid,CCCCCCCCCCCCCC(=O)O,-6.31003,-1.14169,-11.45803,1.49346,-2.79181,-10.15968,-8.58641,-3.67366,-16.98918,2.48794,-3.57346,-15.90366
Menthol,CC(C)[C@@H]1CC[C@@H](C)C[C@H]1O,Octadecan-1-ol,CCCCCCCCCCCCCCCCCCO,-6.20654,-1.06579,-11.31284,1.39112,-2.43215,-10.27182,-12.03056,-5.31589,-21.63504,2.14444,-3.52804,-20.25144
Menthol,CC(C)[C@@H]1CC[C@@H](C)C[C@H]1O,Palmitic Acid,CCCCCCCCCCCCCCCC(=O)O,-6.31300,-1.14386,-11.48406,1.46303,-2.77151,-10.17558,-9.79211,-4.61753,-18.86439,2.60800,-3.53988,-17.93251
Menthol,CC(C)[C@@H]1CC[C@@H](C)C[C@H]1O,Phenylpropionic Acid,O=C(O)CCc1ccccc1,-6.22932,-1.08250,-11.09332,1.87566,-2.92989,-10.03909,-3.52352,-1.53235,-9.60427,2.44644,-3.34609,-8.70461
Menthol,CC(C)[C@@H]1CC[C@@H](C)C[C@H]1O,Salicylic Acid,O=C(O)c1ccccc1O,-6.45339,-1.24682,-11.59961,1.67287,-3.36175,-9.91073,-3.29567,-0.50639,-8.56921,1.75858,-3.30531,-7.02248
Menthol,CC(C)[C@@H]1CC[C@@H](C)C[C@H]1O,Stearic Acid,CCCCCCCCCCCCCCCCCC(=O)O,-6.30383,-1.13714,-11.47610,1.43733,-2.72296,-10.19047,-11.00333,-5.54896,-20.77637,2.70764,-3.54087,-19.94314
Menthol,CC(C)[C@@H]1CC[C@@H](C)C[C@H]1O,Testosterone,C[C@]12CC[C@H]3[C@@H](CCC4=CC(=O)CC[C@@]43C)[C@@H]1CC[C@@H]2O,-6.28874,-1.12607,-10.33442,2.00232,-2.18947,-10.14727,-5.24553,-7.16768,-13.62851,4.15874,-3.57283,-14.21442
Menthol,CC(C)[C@@H]1CC[C@@H](C)C[C@H]1O,Thymol,Cc1ccc(C(C)C)c(O)c1,-6.43294,-1.23183,-11.48045,1.63871,-2.95655,-10.16261,-4.82138,-1.06042,-9.81650,2.08216,-2.18861,-9.71005
Myristic Acid,CCCCCCCCCCCCCC(=O)O,[N1111]Cl,C[N+](C)(C)C.[Cl-],-9.03527,-4.00284,-15.80640,4.30150,-4.00913,-16.09876,3.33650,-12.07864,-8.30414,5.58925,-5.79608,-8.09731
Myristic Acid,CCCCCCCCCCCCCC(=O)O,[N2222]Cl,CC[N+](CC)(CC)CC.[Cl-],-9.82344,-4.58086,-15.74597,4.35781,-3.96787,-16.13592,3.03856,-11.00460,-7.91537,7.28879,-4.29082,-10.91334
Myristic Acid,CCCCCCCCCCCCCC(=O)O,[N3333]Cl,CCC[N+](CCC)(CCC)CCC.[Cl-],-10.14425,-4.81614,-16.12306,4.14155,-4.10644,-16.15816,1.16187,-11.74335,-10.68411,7.93764,-4.37917,-14.24259
Myristic Acid,CCCCCCCCCCCCCC(=O)O,[N4444]Cl,CCCC[N+](CCCC)(CCCC)CCCC.[Cl-],-10.37515,-4.98547,-16.76092,3.95102,-4.53809,-16.17385,-0.61604,-13.31996,-14.08047,8.39879,-4.91894,-17.56032
Myristic Acid,CCCCCCCCCCCCCC(=O)O,ChCl,C[N+](C)(C)CCO.[Cl-],-8.43201,-3.56042,-15.05303,4.39507,-3.41422,-16.03387,2.47058,-12.67745,-8.32382,5.22370,-4.75843,-8.78909
Myristic Acid,CCCCCCCCCCCCCC(=O)O,Palmitic Acid,CCCCCCCCCCCCCCCC(=O)O,-8.51880,-3.62407,-16.75776,2.43664,-3.33539,-15.85901,-9.72210,-4.56619,-18.57102,2.60835,-3.32490,-17.85447
"N-Benzyl-2-hydroxy-N,N-dimethylethanaminium chloride",C[N+](C)(CCO)Cc1ccccc1.[Cl-],Urea,NC(N)=O,0.40271,-14.24527,-9.78092,6.38828,-3.97590,-12.19330,-1.65503,-3.36522,-7.31001,1.73145,-4.98601,-4.05545
o-Cresol,Cc1ccccc1O,ChCl,C[N+](C)(C)CCO.[Cl-],-4.47108,-0.75739,-8.03720,2.50751,-3.29919,-7.24552,1.47306,-13.40900,-9.14236,4.75929,-5.04376,-8.85789
Octadecan-1-ol,CCCCCCCCCCCCCCCCCCO,[N1111]Cl,C[N+](C)(C)C.[Cl-],-11.35861,-4.82310,-18.90190,4.38347,-2.85496,-20.43041,3.89512,-11.66896,-6.68653,5.86152,-4.36684,-8.18121
Octadecan-1-ol,CCCCCCCCCCCCCCCCCCO,[N4444]Cl,CCCC[N+](CCCC)(CCCC)CCCC.[Cl-],-12.57030,-5.71172,-19.45747,4.05546,-3.05998,-20.45295,-0.34347,-13.12006,-12.47744,8.43647,-3.20968,-17.70423
Octadecan-1-ol,CCCCCCCCCCCCCCCCCCO,Betaine,C[N+](C)(C)CC(=O)[O-],-11.73108,-5.09626,-19.28936,4.29384,-3.41250,-20.17070,4.35932,-9.30052,-6.34558,5.62880,-5.02432,-6.95007
Octadecan-1-ol,CCCCCCCCCCCCCCCCCCO,ChCl,C[N+](C)(C)CCO.[Cl-],-11.02788,-4.58055,-18.42828,4.52518,-2.58821,-20.36524,3.07448,-12.23456,-6.88839,5.50865,-3.50129,-8.89574
Oleic acid,CCCCCCCC/C=C\CCCCCCCC(=O)O,Capric Acid,CCCCCCCCCC(=O)O,-9.83966,-5.32480,-19.06534,3.29234,-3.21894,-19.13874,-6.17831,-1.78990,-13.06853,2.21945,-3.39973,-11.88824
Oleic acid,CCCCCCCC/C=C\CCCCCCCC(=O)O,Lidocaine,CCN(CC)CC(=O)Nc1c(C)cccc1C,-10.98725,-6.16642,-20.88022,3.87735,-5.53078,-19.22680,-5.14220,-6.34070,-16.28194,3.67470,-6.32111,-13.63553
Oxalic Acid,O=C(O)C(=O)O,ChCl,C[N+](C)(C)CCO.[Cl-],-4.79647,-3.93266,-11.98929,1.62491,-9.48275,-4.13145,0.44948,-14.15967,-14.54071,4.32393,-10.51654,-8.34811
Palmitic Acid,CCCCCCCCCCCCCCCC(=O)O,[N1111]Cl,C[N+](C)(C)C.[Cl-],-10.19287,-4.91144,-17.59073,4.53873,-3.99874,-18.13072,3.50494,-11.95512,-8.25796,5.60458,-5.76155,-8.10099
Palmitic Acid,CCCCCCCCCCCCCCCC(=O)O,[N2222]Cl,CC[N+](CC)(CC)CC.[Cl-],-10.98624,-5.49328,-17.51820,4.60950,-3.96115,-18.16655,3.11981,-10.94501,-7.96848,7.22911,-4.27791,-10.91967
Palmitic Acid,CCCCCCCCCCCCCCCC(=O)O,[N3333]Cl,CCC[N+](CCC)(CCC)CCC.[Cl-],-11.31494,-5.73434,-17.90248,4.38586,-4.10019,-18.18815,1.20972,-11.70825,-10.76810,7.85073,-4.36769,-14.25114
Palmitic Acid,CCCCCCCCCCCCCCCC(=O)O,[N4444]Cl,CCCC[N+](CCCC)(CCCC)CCCC.[Cl-],-11.54933,-5.90623,-18.54894,4.18773,-4.53329,-18.20338,-0.58050,-13.29389,-14.16956,8.30777,-4.90730,-17.57002
Palmitic Acid,CCCCCCCCCCCCCCCC(=O)O,ChCl,C[N+](C)(C)CCO.[Cl-],-9.59183,-4.47065,-16.81627,4.65000,-3.40264,-18.06363,2.65236,-12.54413,-8.26134,5.26213,-4.72472,-8.79875
Palmitic Acid,CCCCCCCCCCCCCCCC(=O)O,Ibuprofen,CC(C)Cc1ccc(C(C)C(=O)O)cc1,-9.67285,-4.53007,-18.27509,2.87209,-3.37729,-17.76989,-5.59266,-3.16630,-12.69969,2.62175,-3.24273,-12.07871
Palmitic Acid,CCCCCCCCCCCCCCCC(=O)O,Stearic Acid,CCCCCCCCCCCCCCCCCC(=O)O,-9.72265,-4.56659,-18.65328,2.52709,-3.27587,-17.90451,-10.93969,-5.50230,-20.55952,2.67129,-3.34796,-19.88284
Paracetamol,CC(=O)Nc1ccc(O)cc1,ChCl,C[N+](C)(C)CCO.[Cl-],-4.01823,-5.19519,-10.97512,3.39492,-5.48782,-8.88222,1.26441,-13.56203,-9.46054,4.63165,-5.37194,-8.72025
p-Coumaric acid,O=C(O)/C=C/c1ccc(O)cc1,ChCl,C[N+](C)(C)CCO.[Cl-],-5.41663,-5.81838,-13.44049,3.24378,-7.52829,-9.15598,0.92266,-13.81265,-12.08483,4.29148,-7.76049,-8.61582
Pelargonic Acid,CCCCCCCCC(=O)O,Lauric Acid,CCCCCCCCCCCC(=O)O,-5.50876,-1.26740,-11.96712,2.18029,-3.33613,-10.81128,-7.34824,-2.69220,-14.84030,2.46198,-3.53994,-13.76234
Phenol,Oc1ccccc1,ChCl,C[N+](C)(C)CCO.[Cl-],-4.02776,-0.69921,-7.49531,2.31423,-3.44140,-6.36814,1.40570,-13.45841,-9.17246,4.78953,-5.12714,-8.83485
Phenyl salicylate,O=C(Oc1ccccc1)c1ccccc1O,Lidocaine,CCN(CC)CC(=O)Nc1c(C)cccc1C,-5.14491,-2.81055,-8.47197,3.16664,-0.06114,-11.57747,-4.39895,-5.79561,-11.63542,4.41852,-2.45734,-13.59660
Phenylacetic Acid,O=C(O)Cc1ccccc1,ChCl,C[N+](C)(C)CCO.[Cl-],-3.65110,-2.48858,-8.33947,3.45746,-3.67592,-8.12101,1.50765,-13.38364,-8.73885,4.96296,-4.97356,-8.72824
Phenylpropionic Acid,O=C(O)CCc1ccccc1,ChCl,C[N+](C)(C)CCO.[Cl-],-4.34827,-2.13720,-8.94578,3.42867,-3.49449,-8.87996,1.57386,-13.33508,-8.82059,4.87683,-4.94710,-8.75033
Pimelic Acid,O=C(O)CCCCCC(=O)O,[N2222]Br,CC[N+](CC)(CC)CC.[Br-],-4.86511,-4.60597,-11.88608,4.10053,-6.83545,-9.15116,1.17619,-11.97957,-10.50984,6.72829,-6.24557,-10.99257
Pimelic Acid,O=C(O)CCCCCC(=O)O,[N3333]Br,CCC[N+](CCC)(CCC)CCC.[Br-],-4.95341,-4.67072,-12.13600,4.00628,-6.93923,-9.20304,-0.28735,-13.32848,-13.09157,7.71758,-6.46731,-14.34185
Prilocaine,CCCNC(C)C(=O)Nc1ccccc1C,Lidocaine,CCN(CC)CC(=O)Nc1c(C)cccc1C,-5.22188,-3.91925,-9.59933,3.96181,-0.37607,-13.18507,-4.40314,-5.79869,-11.53898,4.59074,-2.45617,-13.67355
Propionic acid,CCC(=O)O,[N4444]Br,CCCC[N+](CCCC)(CCCC)CCCC.[Br-],-3.55928,0.30388,-6.59842,2.14780,-3.59963,-5.14658,-1.79056,-13.38894,-13.21965,8.41015,-4.35999,-17.26981
Propionic acid,CCC(=O)O,Betaine monohydrate,C[N+](C)(C)CC(=O)[O-].O,-4.10920,-0.09942,-7.72520,2.42638,-5.27149,-4.88009,3.06344,-10.25088,-8.29571,5.59630,-7.15887,-6.73314
Propylene glycol,CC(O)CO,Betaine monohydrate,C[N+](C)(C)CC(=O)[O-].O,-3.82564,-2.41925,-9.88009,3.13094,-7.74311,-5.26793,3.08826,-10.23269,-8.17829,5.87164,-7.24981,-6.80013
Ranitidine,CN/C(=C\[N+](=O)[O-])NCCSCc1ccc(CN(C)C)o1,Acetylsalicylic Acid,CC(=O)Oc1ccccc1C(=O)O,-3.52910,-12.27655,-15.27442,6.29469,-4.48011,-17.08901,-3.99777,-3.36869,-9.82443,3.06106,-3.76641,-9.11908
Ranitidine,CN/C(=C\[N+](=O)[O-])NCCSCc1ccc(CN(C)C)o1,Urea,NC(N)=O,-2.96552,-11.86324,-13.33653,6.63976,-2.88510,-17.09119,-0.88239,-2.79858,-7.01383,1.68857,-4.86304,-3.83936
Resorcinol,Oc1cccc(O)c1,ChCl,C[N+](C)(C)CCO.[Cl-],-5.00741,-4.04489,-11.47529,2.15228,-7.05138,-6.57620,0.67894,-13.99139,-12.61170,4.14137,-8.06636,-8.68671
Salicylic Acid,O=C(O)c1ccccc1O,Betaine,C[N+](C)(C)CC(=O)[O-],-6.04322,-2.52138,-10.57805,2.51869,-6.07638,-7.02036,2.86239,-10.39833,-9.77820,4.87836,-7.93163,-6.72493
Salicylic Acid,O=C(O)c1ccccc1O,ChCl,C[N+](C)(C)CCO.[Cl-],-4.65873,-1.50603,-8.69236,2.49817,-3.97458,-7.21595,1.43368,-13.43789,-9.59591,4.67000,-5.61346,-8.65245
Sorbitol,OC[C@H](O)[C@@H](O)[C@H](O)[C@H](O)CO,Betaine,C[N+](C)(C)CC(=O)[O-],-6.16882,-9.38608,-19.78911,3.87556,-15.65735,-8.00732,1.78594,-11.18777,-13.26302,4.55483,-11.21201,-6.60585
Sorbitol,OC[C@H](O)[C@@H](O)[C@H](O)[C@H](O)CO,ChCl,C[N+](C)(C)CCO.[Cl-],-5.20919,-8.68231,-18.31048,3.57699,-13.54952,-8.33795,1.11723,-13.66997,-11.17767,4.62948,-7.38083,-8.42632
Stearic Acid,CCCCCCCCCCCCCCCCCC(=O)O,[N1111]Cl,C[N+](C)(C)C.[Cl-],-11.31593,-5.77822,-19.34295,4.75665,-3.95540,-20.14420,3.66652,-11.83662,-8.15055,5.63168,-5.67725,-8.10499
Stearic Acid,CCCCCCCCCCCCCCCCCC(=O)O,[N2222]Cl,CC[N+](CC)(CC)CC.[Cl-],-12.10752,-6.35875,-19.25352,4.84432,-3.91953,-20.17832,3.20178,-10.88490,-7.95359,7.18847,-4.21578,-10.92627
Stearic Acid,CCCCCCCCCCCCCCCCCC(=O)O,[N3333]Cl,CCC[N+](CCC)(CCC)CCC.[Cl-],-12.43874,-6.60166,-19.63933,4.61557,-4.05600,-20.19890,1.25923,-11.67195,-10.78362,7.78156,-4.30517,-14.26000
Stearic Acid,CCCCCCCCCCCCCCCCCC(=O)O,[N4444]Cl,CCCC[N+](CCCC)(CCCC)CCCC.[Cl-],-12.67237,-6.77300,-20.28298,4.41145,-4.48104,-20.21339,-0.54174,-13.26547,-14.18598,8.23149,-4.83733,-17.58015
Stearic Acid,CCCCCCCCCCCCCCCCCC(=O)O,Betaine,C[N+](C)(C)CC(=O)[O-],-11.90167,-6.20779,-20.19852,4.67187,-5.02146,-19.84892,4.09934,-9.49118,-8.24645,5.35449,-6.71381,-6.88712
Stearic Acid,CCCCCCCCCCCCCCCCCC(=O)O,ChCl,C[N+](C)(C)CCO.[Cl-],-10.72918,-5.34791,-18.56182,4.88203,-3.36896,-20.07489,2.82775,-12.41551,-8.14017,5.30993,-4.64184,-8.80826
Suberic Acid,O=C(O)CCCCCCC(=O)O,ChCl,C[N+](C)(C)CCO.[Cl-],-4.58956,-4.30575,-12.68020,4.29241,-6.99232,-9.98029,1.27067,-13.55744,-10.94766,4.77822,-7.19810,-8.52778
Succinic Acid,O=C(O)CCC(=O)O,[N2222]Br,CC[N+](CC)(CC)CC.[Br-],-4.45466,-3.31303,-10.62724,2.77609,-7.19506,-6.20828,1.02769,-12.08848,-11.14391,6.67080,-6.87944,-10.93528
Succinic Acid,O=C(O)CCC(=O)O,ChCl,C[N+](C)(C)CCO.[Cl-],-3.86778,-2.88263,-10.63896,2.67503,-7.26825,-6.04575,0.90722,-13.82398,-11.72938,4.59901,-7.88701,-8.44137
Sucrose,OC[C@H]1O[C@H](O[C@]2(CO)O[C@H](CO)[C@@H](O)[C@@H]2O)[C@H](O)[C@@H](O)[C@@H]1O,ChCl,C[N+](C)(C)CCO.[Cl-],-8.26592,-21.12354,-35.68074,5.11764,-28.48221,-12.31617,0.73821,-13.94792,-12.97170,4.29588,-8.92106,-8.34653
Tartaric Acid,O=C(O)[C@@H](O)[C@H](O)C(=O)O,ChCl,C[N+](C)(C)CCO.[Cl-],-5.28240,-7.47927,-17.25396,2.31529,-13.54091,-6.02835,-0.17212,-14.61554,-15.81142,3.91173,-11.49479,-8.22836
Tetradecan-1-ol,CCCCCCCCCCCCCCO,[N1111]Cl,C[N+](C)(C)C.[Cl-],-9.00680,-2.97191,-15.29295,3.95765,-2.88156,-16.36904,3.56782,-11.90900,-6.80698,5.82411,-4.44675,-8.18433
Tetradecan-1-ol,CCCCCCCCCCCCCCO,[N4444]Cl,CCCC[N+](CCCC)(CCCC)CCCC.[Cl-],-10.20145,-3.84803,-15.85836,3.61330,-3.07632,-16.39534,-0.42364,-13.17886,-12.34107,8.59898,-3.24103,-17.69902
Tetradecan-1-ol,CCCCCCCCCCCCCCO,ChCl,C[N+](C)(C)CCO.[Cl-],-8.66580,-2.72183,-14.85657,4.06829,-2.61534,-16.30952,2.71918,-12.49513,-7.04521,5.42577,-3.58200,-8.88898
Tetradecan-1-ol,CCCCCCCCCCCCCCO,Menthol,CC(C)[C@@H]1CC[C@@H](C)C[C@H]1O,-9.59904,-3.40624,-17.84065,1.94722,-3.58877,-16.19910,-6.21117,-1.06919,-11.30415,1.43261,-2.48231,-10.25446
Tetradecan-1-ol,CCCCCCCCCCCCCCO,Thymol,Cc1ccc(C(C)C)c(O)c1,-9.83950,-3.58259,-18.24411,2.08642,-4.21305,-16.11748,-4.87918,-1.10281,-10.17016,1.96607,-2.40364,-9.73259
Thiourea,NC(N)=S,ChCl,C[N+](C)(C)CCO.[Cl-],-2.96144,-5.63358,-8.29142,1.55097,-4.27877,-5.56361,0.94198,-13.79848,-9.26147,4.68701,-4.79216,-9.15632
Thymol,Cc1ccc(C(C)C)c(O)c1,Betaine,C[N+](C)(C)CC(=O)[O-],-6.69489,-2.43440,-11.29407,3.11028,-4.73728,-9.66707,3.17215,-10.17116,-8.57161,5.03357,-6.67608,-6.92910
Thymol,Cc1ccc(C(C)C)c(O)c1,ChCl,C[N+](C)(C)CCO.[Cl-],-5.55925,-1.60156,-9.79499,3.14170,-3.08147,-9.85522,1.73208,-13.21904,-8.84651,4.81470,-4.78817,-8.87304
Thymol,Cc1ccc(C(C)C)c(O)c1,DL-camphor,CC12CCC(CC1=O)C2(C)C,-5.20444,-1.34135,-9.44863,2.16502,-1.95842,-9.65523,-4.28631,-0.88106,-8.42786,2.14669,-1.71736,-8.85718
Thymol,Cc1ccc(C(C)C)c(O)c1,Hexadecan-1-ol,CCCCCCCCCCCCCCCCO,-4.86577,-1.09298,-10.18034,1.94355,-2.38444,-9.73944,-11.05027,-4.53406,-20.11301,2.20513,-4.17601,-18.14212
Thymol,Cc1ccc(C(C)C)c(O)c1,Ibuprofen,CC(C)Cc1ccc(C(C)C(=O)O)cc1,-4.70466,-0.97482,-8.86556,2.27410,-1.49708,-9.64259,-5.75007,-3.28174,-12.77925,2.79230,-3.46746,-12.10409
Thymol,Cc1ccc(C(C)C)c(O)c1,Myristic Acid,CCCCCCCCCCCCCC(=O)O,-4.69674,-0.96901,-9.11064,2.08769,-1.54879,-9.64954,-8.60108,-3.68442,-16.85685,2.61023,-3.63410,-15.83298
Thymol,Cc1ccc(C(C)C)c(O)c1,Octadecan-1-ol,CCCCCCCCCCCCCCCCCCO,-4.85400,-1.08434,-10.19335,1.92377,-2.37181,-9.74531,-12.26293,-5.48631,-21.99872,2.31340,-4.15223,-20.15988
Thymol,Cc1ccc(C(C)C)c(O)c1,Palmitic Acid,CCCCCCCCCCCCCCCC(=O)O,-4.68416,-0.95979,-9.12547,2.06196,-1.52545,-9.66198,-9.79775,-4.62167,-18.69188,2.75206,-3.58856,-17.85538
Thymol,Cc1ccc(C(C)C)c(O)c1,Stearic Acid,CCCCCCCCCCCCCCCCCC(=O)O,-4.68346,-0.95928,-9.18169,2.03260,-1.54057,-9.67372,-11.01625,-5.55844,-20.62672,2.86307,-3.62917,-19.86062
trans-Cinnamic acid,O=C(O)/C=C/c1ccccc1,ChCl,C[N+](C)(C)CCO.[Cl-],-4.30777,-2.41534,-9.07806,3.42811,-3.50614,-9.00003,1.56869,-13.33887,-8.71140,4.86362,-4.83794,-8.73708
Tricarballylic acid,O=C(O)CC(CC(=O)O)C(=O)O,ChCl,C[N+](C)(C)CCO.[Cl-],-4.70955,-6.59314,-15.54273,3.06507,-11.19000,-7.41780,0.07682,-14.43297,-14.88380,4.01297,-10.63322,-8.26355
Triethylene glycol,OCCOCCOCCO,[N3333]Br,CCC[N+](CCC)(CCC)CCC.[Br-],-4.30438,-4.26701,-11.89522,4.34719,-6.65325,-9.58916,0.15720,-13.00246,-10.40558,8.19893,-4.06989,-14.53462
Triethylene glycol,OCCOCCOCCO,[N4444]Cl,CCCC[N+](CCCC)(CCCC)CCCC.[Cl-],-4.96391,-4.75070,-12.54545,4.40398,-7.35065,-9.59878,-0.91972,-13.54267,-14.75141,8.65379,-6.01271,-17.39249
Triethylene glycol,OCCOCCOCCO,ChCl,C[N+](C)(C)CCO.[Cl-],-3.83317,-3.92144,-11.96209,4.33663,-6.84986,-9.44886,1.63911,-13.28723,-8.62264,5.14923,-5.11963,-8.65224
Triethylene glycol,OCCOCCOCCO,Methyltriphenylphosphonium bromide,C[P+](c1ccccc1)(c1ccccc1)c1ccccc1.[Br-],-3.92020,-3.98527,-12.57782,3.85489,-6.91906,-9.51365,-2.36395,-20.14596,-15.27926,7.27831,-5.37749,-17.18007
Triethylene glycol,OCCOCCOCCO,"N,N-Diethylethanolammonium chloride",CC[NH+](CC)CCO.[Cl-],-3.69148,-3.81753,-12.36420,4.01098,-6.99191,-9.38328,0.07030,-6.91663,-6.93390,4.71221,-2.42404,-9.22207
Urea,NC(N)=O,[N2222]Br,CC[N+](CC)(CC)CC.[Br-],-1.93322,-3.56923,-7.20053,1.91327,-5.10790,-4.00590,1.80103,-11.52133,-6.52782,7.48684,-2.89298,-11.12168
Urea,NC(N)=O,"2-(Acetoxy)-N,N,N-trimethylethanaminium chloride",CC(=O)OCC[N+](C)(C)C.[Cl-],-1.98039,-3.60383,-7.55418,1.84956,-5.34308,-4.06065,1.95143,-15.01120,-9.99193,6.91394,-5.81696,-11.08891
Urea,NC(N)=O,"2-Chloro-N,N,N-trimethylethanaminium chloride",C[N+](C)(C)CCCl.[Cl-],-1.85799,-3.51406,-7.70027,1.83016,-5.40636,-4.12407,0.62459,-12.12465,-9.73481,5.48767,-5.30858,-9.91390
Urea,NC(N)=O,"2-Fluoro-N,N,N-trimethylethanaminium chloride",C[N+](C)(C)CCF.[Cl-],-1.94889,-3.58073,-7.55654,1.89992,-5.47040,-3.98605,1.75511,-14.38192,-8.96657,5.57525,-5.94351,-8.59831
Urea,NC(N)=O,Betaine,C[N+](C)(C)CC(=O)[O-],-2.27285,-3.81831,-7.63147,2.09090,-5.96232,-3.76005,2.99711,-10.29953,-6.23194,5.84927,-5.29618,-6.78503
Urea,NC(N)=O,ChCl,C[N+](C)(C)CCO.[Cl-],-1.87321,-3.52523,-7.23862,1.81002,-5.06391,-3.98473,1.61316,-13.30626,-7.25685,5.56601,-4.15288,-8.66998
Urea,NC(N)=O,Sulfathiazole,Nc1ccc(S(=O)(=O)Nc2nccs2)cc1,-1.04255,-2.91604,-7.22534,1.48943,-4.86549,-3.84928,-3.25481,-7.52367,-10.58722,3.81269,-2.80173,-11.59817
Xylitol,OC[C@H](O)[C@@H](O)[C@H](O)CO,ChCl,C[N+](C)(C)CCO.[Cl-],-5.03444,-7.02580,-16.77066,3.31602,-12.49647,-7.59021,1.29300,-13.54106,-10.60466,4.83398,-6.92935,-8.50929
Xylose,O[C@H]1OC[C@@H](O)[C@H](O)[C@H]1O,ChCl,C[N+](C)(C)CCO.[Cl-],-4.79304,-5.74076,-14.03065,2.79934,-9.90154,-6.92845,1.09109,-13.68913,-11.00871,4.59596,-7.11641,-8.48826
